"duration_sec","start_time","end_time","start_station_id","start_station_name","start_station_latitude","start_station_longitude","end_station_id","end_station_name","end_station_latitude","end_station_longitude","bike_id","user_type","member_birth_year","member_gender"
422,"2018-03-01 09:04:34.3050","2018-03-01 09:11:37.1880",67,"San Francisco Caltrain Station 2  (Townsend St at 4th St)",37.7766392,-122.3955263,90,"Townsend St at 7th St",37.771058,-122.402717,1124,"Subscriber",1968,"Male"
900,"2018-03-01 08:56:33.1810","2018-03-01 09:11:33.3670",75,"Market St at Franklin St",37.7737932060887,-122.42123901844025,284,"Yerba Buena Center for the Arts (Howard St at 3rd St)",37.78487208436062,-122.40087568759917,512,"Subscriber",1984,"Male"
819,"2018-03-01 08:57:02.5410","2018-03-01 09:10:41.8580",210,"45th St at Manila",37.8332935222321,-122.25622415542603,182,"19th Street BART Station",37.8090126,-122.2682473,2508,"Subscriber",1987,"Male"
160,"2018-03-01 09:07:50.4230","2018-03-01 09:10:30.9380",196,"Grand Ave at Perkins St",37.80889393398715,-122.25646018981932,181,"Grand Ave at Webster St",37.8113768,-122.2651925,1336,"Subscriber",1982,"Male"
290,"2018-03-01 09:05:38.2260","2018-03-01 09:10:28.8810",108,"16th St Mission BART",37.76471008581914,-122.41995692253113,100,"Bryant St at 15th St",37.7671004,-122.410662,974,"Subscriber",1982,"Male"
860,"2018-03-01 08:55:58.7680","2018-03-01 09:10:18.8630",31,"Raymond Kimbell Playground",37.78381270927812,-122.43455886840819,45,"5th St at Howard St",37.781752,-122.405127,957,"Subscriber",1993,"Male"
1195,"2018-03-01 08:50:19.7840","2018-03-01 09:10:15.4980",72,"Page St at Scott St",37.772406,-122.4356498,24,"Spear St at Folsom St",37.7896767,-122.3904285,1771,"Subscriber",1992,"Male"
330,"2018-03-01 09:03:34.4210","2018-03-01 09:09:04.9600",204,"55th St at Telegraph Ave",37.8401858,-122.2618225,176,"MacArthur BART Station",37.82840997305853,-122.26631462574005,502,"Subscriber",1986,"Male"
161,"2018-03-01 09:06:21.0280","2018-03-01 09:09:02.4170",251,"California St at University Ave",37.87055532905745,-122.27972030639648,250,"North Berkeley BART Station",37.8740141,-122.283019,643,"Subscriber",1984,"Male"
422,"2018-03-01 09:01:53.9130","2018-03-01 09:08:56.8950",30,"San Francisco Caltrain (Townsend St at 4th St)",37.776598,-122.395282,45,"5th St at Howard St",37.781752,-122.405127,3669,"Subscriber","",""
583,"2018-03-01 08:58:53.2820","2018-03-01 09:08:37.0110",67,"San Francisco Caltrain Station 2  (Townsend St at 4th St)",37.7766392,-122.3955263,23,"The Embarcadero at Steuart St",37.791464,-122.391034,496,"Subscriber",1983,"Male"
759,"2018-03-01 08:55:51.3600","2018-03-01 09:08:30.5700",93,"4th St at Mission Bay Blvd S",37.7704074,-122.3911984,8,"The Embarcadero at Vallejo St",37.799953,-122.398525,3097,"Subscriber",1980,"Female"
1005,"2018-03-01 08:51:22.9200","2018-03-01 09:08:08.8120",85,"Church St at Duboce Ave",37.7700831,-122.4291557,15,"San Francisco Ferry Building (Harry Bridges Plaza)",37.795392,-122.394203,2739,"Subscriber",1962,"Male"
269,"2018-03-01 09:03:37.4490","2018-03-01 09:08:07.2610",74,"Laguna St at Hayes St",37.776434819204745,-122.42624402046204,59,"S Van Ness Ave at Market St",37.774814,-122.418954,3589,"Subscriber",1969,"Male"
696,"2018-03-01 08:56:27.7550","2018-03-01 09:08:04.3480",58,"Market St at 10th St",37.776619,-122.417385,16,"Steuart St at Market St",37.79413,-122.39443,3616,"Subscriber",1974,"Male"
567,"2018-03-01 08:58:14.8240","2018-03-01 09:07:42.8150",24,"Spear St at Folsom St",37.7896767,-122.3904285,81,"Berry St at 4th St",37.77588,-122.39317,2644,"Subscriber",1985,"Male"
972,"2018-03-01 08:51:21.9050","2018-03-01 09:07:33.9130",119,"18th St at Noe St",37.7610471,-122.4326417,41,"Golden Gate Ave at Polk St",37.78127,-122.41874,2796,"Subscriber",1963,"Male"
805,"2018-03-01 08:54:00.0480","2018-03-01 09:07:25.5740",22,"Howard St at Beale St",37.789756,-122.394643,64,"5th St at Brannan St",37.7767539,-122.3990176,3223,"Subscriber",1993,"Female"
538,"2018-03-01 08:58:13.1810","2018-03-01 09:07:11.5350",126,"Esprit Park",37.7616343,-122.3906477,66,"3rd St at Townsend St",37.77874161153677,-122.39274082710836,1650,"Subscriber",1988,"Female"
841,"2018-03-01 08:52:34.3530","2018-03-01 09:06:35.5480",74,"Laguna St at Hayes St",37.776434819204745,-122.42624402046204,66,"3rd St at Townsend St",37.77874161153677,-122.39274082710836,600,"Subscriber",1994,"Male"
804,"2018-03-01 08:52:51.3610","2018-03-01 09:06:15.6070",182,"19th Street BART Station",37.8090126,-122.2682473,194,"Lakeshore Ave at Trestle Glen Rd",37.8110807,-122.2432677,3405,"Subscriber",1988,"Male"
1282,"2018-03-01 08:44:00.3410","2018-03-01 09:05:22.5820",84,"Duboce Park",37.7692005,-122.4338119,37,"2nd St at Folsom St",37.78499972833808,-122.39593561749642,586,"Subscriber",1988,"Other"
266,"2018-03-01 09:00:51.0190","2018-03-01 09:05:17.9350",30,"San Francisco Caltrain (Townsend St at 4th St)",37.776598,-122.395282,90,"Townsend St at 7th St",37.771058,-122.402717,3690,"Subscriber",1973,"Male"
1216,"2018-03-01 08:44:57.0980","2018-03-01 09:05:13.1540",53,"Grove St at Divisadero",37.775946,-122.4377775,116,"Mississippi St at 17th St",37.7648022,-122.3947713,3717,"Subscriber",1973,"Male"
830,"2018-03-01 08:51:10.8830","2018-03-01 09:05:01.3970",76,"McCoppin St at Valencia St",37.77166246221617,-122.42242321372034,20,"Mechanics Monument Plaza (Market St at Bush St)",37.7913,-122.399051,3732,"Subscriber",1991,"Female"
231,"2018-03-01 09:00:42.8990","2018-03-01 09:04:34.7770",37,"2nd St at Folsom St",37.78499972833808,-122.39593561749642,21,"Montgomery St BART Station (Market St at 2nd St)",37.7896254,-122.400811,2775,"Subscriber",1971,"Male"
519,"2018-03-01 08:55:43.5410","2018-03-01 09:04:22.8530",22,"Howard St at Beale St",37.789756,-122.394643,45,"5th St at Howard St",37.781752,-122.405127,334,"Subscriber",1993,"Male"
830,"2018-03-01 08:50:29.2070","2018-03-01 09:04:20.0310",67,"San Francisco Caltrain Station 2  (Townsend St at 4th St)",37.7766392,-122.3955263,112,"Harrison St at 17th St",37.7638471,-122.4130036,1885,"Subscriber",1988,"Male"
374,"2018-03-01 08:58:00.2200","2018-03-01 09:04:14.3210",21,"Montgomery St BART Station (Market St at 2nd St)",37.7896254,-122.400811,49,"S Park St at 3rd St",37.7807601,-122.3949894,24,"Subscriber",1992,"Male"
724,"2018-03-01 08:52:05.4780","2018-03-01 09:04:10.3360",43,"San Francisco Public Library (Grove St at Hyde St)",37.7787677,-122.4159292,37,"2nd St at Folsom St",37.78499972833808,-122.39593561749642,2497,"Subscriber",1991,"Female"
600,"2018-03-01 08:54:01.7470","2018-03-01 09:04:01.8710",16,"Steuart St at Market St",37.79413,-122.39443,6,"The Embarcadero at Sansome St",37.80477,-122.403234,1456,"Subscriber",1967,"Other"
897,"2018-03-01 08:48:42.9850","2018-03-01 09:03:40.6520",42,"San Francisco City Hall (Polk St at Grove St)",37.77865,-122.41823,22,"Howard St at Beale St",37.789756,-122.394643,3334,"Subscriber",1983,"Male"
680,"2018-03-01 08:52:03.8010","2018-03-01 09:03:24.6290",52,"McAllister St at Baker St",37.7774157,-122.4418376,58,"Market St at 10th St",37.776619,-122.417385,1679,"Subscriber",1988,"Female"
583,"2018-03-01 08:53:22.6630","2018-03-01 09:03:06.5150",39,"Scott St at Golden Gate Ave",37.7789994,-122.4368608,44,"Civic Center/UN Plaza BART Station (Market St at McAllister St)",37.7810737,-122.4117382,3655,"Subscriber",1991,"Male"
292,"2018-03-01 08:58:00.6980","2018-03-01 09:02:53.1600",30,"San Francisco Caltrain (Townsend St at 4th St)",37.776598,-122.395282,321,"5th at Folsom",37.78014570345598,-122.40307085237873,2522,"Subscriber",1975,"Male"
228,"2018-03-01 08:59:01.3250","2018-03-01 09:02:49.7080",211,"Broadway at 40th St",37.8277573,-122.2567156,176,"MacArthur BART Station",37.82840997305853,-122.26631462574005,680,"Subscriber",1982,"Male"
553,"2018-03-01 08:53:33.5930","2018-03-01 09:02:46.7340",24,"Spear St at Folsom St",37.7896767,-122.3904285,6,"The Embarcadero at Sansome St",37.80477,-122.403234,2525,"Subscriber",1975,"Male"
836,"2018-03-01 08:48:45.8060","2018-03-01 09:02:42.3650",145,"29th St at Church St",37.7436839,-122.4268059,59,"S Van Ness Ave at Market St",37.774814,-122.418954,1656,"Subscriber",1984,"Male"
279,"2018-03-01 08:57:20.1580","2018-03-01 09:01:59.8630",120,"Mission Dolores Park",37.7614205,-122.4264353,108,"16th St Mission BART",37.76471008581914,-122.41995692253113,3242,"Subscriber",1977,"Male"
755,"2018-03-01 08:49:19.2650","2018-03-01 09:01:55.0420",55,"Webster St at Grove St",37.7770527,-122.4295585,19,"Post St at Kearny St",37.788975,-122.403452,2396,"Customer",1987,"Male"
549,"2018-03-01 08:52:04.0520","2018-03-01 09:01:13.4970",296,"5th St at Virginia St",37.3259984,-121.87712,280,"San Fernando at 7th St",37.337246,-121.8830739,179,"Subscriber",1989,"Male"
462,"2018-03-01 08:53:29.2740","2018-03-01 09:01:11.5650",93,"4th St at Mission Bay Blvd S",37.7704074,-122.3911984,49,"S Park St at 3rd St",37.7807601,-122.3949894,2651,"Subscriber",1985,"Male"
707,"2018-03-01 08:49:11.5100","2018-03-01 09:00:58.5460",340,"Harmon St at Adeline St",37.849735,-122.270582,149,"Emeryville Town Hall",37.8312752,-122.2856333,2780,"Subscriber",1979,"Other"
929,"2018-03-01 08:45:20.1850","2018-03-01 09:00:49.5070",15,"San Francisco Ferry Building (Harry Bridges Plaza)",37.795392,-122.394203,93,"4th St at Mission Bay Blvd S",37.7704074,-122.3911984,1617,"Subscriber",1977,"Male"
389,"2018-03-01 08:53:59.5950","2018-03-01 09:00:29.5520",164,"Isabella St at San Pablo Ave",37.814988230424156,-122.27484405040741,337,"Webster St at 19th St",37.80696976095594,-122.26658821105957,3421,"Subscriber",1992,"Male"
830,"2018-03-01 08:46:32.7360","2018-03-01 09:00:23.4100",41,"Golden Gate Ave at Polk St",37.78127,-122.41874,102,"Irwin St at 8th St",37.7668828,-122.3995794,1488,"Subscriber",1978,"Female"
485,"2018-03-01 08:52:07.7550","2018-03-01 09:00:13.3920",55,"Webster St at Grove St",37.7770527,-122.4295585,43,"San Francisco Public Library (Grove St at Hyde St)",37.7787677,-122.4159292,2634,"Subscriber","",""
383,"2018-03-01 08:53:47.5220","2018-03-01 09:00:10.9490",312,"San Jose Diridon Station",37.329732,-121.901782,310,"San Fernando St at 4th St",37.335885,-121.88566,2063,"Subscriber",1981,"Male"
330,"2018-03-01 08:54:30.2080","2018-03-01 09:00:01.0290",15,"San Francisco Ferry Building (Harry Bridges Plaza)",37.795392,-122.394203,6,"The Embarcadero at Sansome St",37.80477,-122.403234,2302,"Subscriber",1971,"Male"
929,"2018-03-01 08:44:24.0230","2018-03-01 08:59:53.5720",15,"San Francisco Ferry Building (Harry Bridges Plaza)",37.795392,-122.394203,93,"4th St at Mission Bay Blvd S",37.7704074,-122.3911984,1530,"Customer",1984,"Male"
417,"2018-03-01 08:52:50.7960","2018-03-01 08:59:48.5510",72,"Page St at Scott St",37.772406,-122.4356498,29,"O'Farrell St at Divisadero St",37.782404601934104,-122.43944585323335,527,"Subscriber",1986,"Male"
311,"2018-03-01 08:54:35.4130","2018-03-01 08:59:47.3240",3,"Powell St BART Station (Market St at 4th St)",37.78637526861584,-122.40490436553954,49,"S Park St at 3rd St",37.7807601,-122.3949894,195,"Subscriber",1988,"Male"
904,"2018-03-01 08:44:27.7990","2018-03-01 08:59:31.9230",80,"Townsend St at 5th St",37.7753058,-122.39738,23,"The Embarcadero at Steuart St",37.791464,-122.391034,3224,"Customer",1989,"Male"
928,"2018-03-01 08:43:43.8840","2018-03-01 08:59:12.6130",70,"Central Ave at Fell St",37.77331087889723,-122.44429260492325,60,"8th St at Ringold St",37.77452040113685,-122.4094493687153,3235,"Subscriber",1994,"Male"
578,"2018-03-01 08:49:21.4090","2018-03-01 08:59:00.3430",28,"The Embarcadero at Bryant St",37.78716801474664,-122.38809792330358,9,"Broadway at Battery St",37.79857210846256,-122.40086898207666,651,"Subscriber",1968,"Male"
599,"2018-03-01 08:48:51.4220","2018-03-01 08:58:50.9300",24,"Spear St at Folsom St",37.7896767,-122.3904285,66,"3rd St at Townsend St",37.77874161153677,-122.39274082710836,1252,"Subscriber",1982,"Female"
629,"2018-03-01 08:48:19.8460","2018-03-01 08:58:49.1170",79,"7th St at Brannan St",37.7734919,-122.4036725,37,"2nd St at Folsom St",37.78499972833808,-122.39593561749642,1568,"Subscriber",1994,"Male"
320,"2018-03-01 08:53:19.4950","2018-03-01 08:58:39.8640",5,"Powell St BART Station (Market St at 5th St)",37.783899357084934,-122.40844488143921,64,"5th St at Brannan St",37.7767539,-122.3990176,2043,"Subscriber",1978,"Male"
335,"2018-03-01 08:52:56.9040","2018-03-01 08:58:32.1950",17,"Embarcadero BART Station (Beale St at Market St)",37.792251,-122.397086,24,"Spear St at Folsom St",37.7896767,-122.3904285,2754,"Subscriber",1977,"Male"
455,"2018-03-01 08:50:25.6610","2018-03-01 08:58:01.3340",15,"San Francisco Ferry Building (Harry Bridges Plaza)",37.795392,-122.394203,6,"The Embarcadero at Sansome St",37.80477,-122.403234,2734,"Subscriber",1973,"Female"
518,"2018-03-01 08:49:16.8450","2018-03-01 08:57:55.6650",99,"Folsom St at 15th St",37.7670373,-122.4154425,66,"3rd St at Townsend St",37.77874161153677,-122.39274082710836,2401,"Subscriber",1986,"Male"
1750,"2018-03-01 08:28:33.9960","2018-03-01 08:57:43.9980",176,"MacArthur BART Station",37.82840997305853,-122.26631462574005,154,"Doyle St at 59th St",37.8419238,-122.2880451,695,"Subscriber",1964,"Female"
921,"2018-03-01 08:42:18.1080","2018-03-01 08:57:39.9800",139,"Garfield Square (25th St at Harrison St)",37.7510171,-122.4119009,139,"Garfield Square (25th St at Harrison St)",37.7510171,-122.4119009,1821,"Customer",1978,"Female"
633,"2018-03-01 08:46:57.8320","2018-03-01 08:57:31.1690",56,"Koshland Park",37.77341396997343,-122.42731690406801,19,"Post St at Kearny St",37.788975,-122.403452,2041,"Subscriber",1982,"Male"
702,"2018-03-01 08:45:45.6470","2018-03-01 08:57:28.1300",85,"Church St at Duboce Ave",37.7700831,-122.4291557,61,"Howard St at 8th St",37.7765126,-122.4113061,2168,"Subscriber",1984,"Male"
438,"2018-03-01 08:49:15.5950","2018-03-01 08:56:33.6600",22,"Howard St at Beale St",37.789756,-122.394643,45,"5th St at Howard St",37.781752,-122.405127,1570,"Subscriber",1977,"Male"
435,"2018-03-01 08:49:05.2360","2018-03-01 08:56:21.1300",96,"Dolores St at 15th St",37.7662102,-122.4266136,112,"Harrison St at 17th St",37.7638471,-122.4130036,350,"Subscriber",1979,"Male"
718,"2018-03-01 08:44:09.8750","2018-03-01 08:56:08.7360",24,"Spear St at Folsom St",37.7896767,-122.3904285,93,"4th St at Mission Bay Blvd S",37.7704074,-122.3911984,506,"Customer",1970,"Male"
302,"2018-03-01 08:50:54.4480","2018-03-01 08:55:56.5240",211,"Broadway at 40th St",37.8277573,-122.2567156,176,"MacArthur BART Station",37.82840997305853,-122.26631462574005,1956,"Subscriber",1982,"Female"
450,"2018-03-01 08:47:43.3920","2018-03-01 08:55:13.7070",27,"Beale St at Harrison St",37.7880593,-122.3918648,66,"3rd St at Townsend St",37.77874161153677,-122.39274082710836,1993,"Subscriber",1980,"Male"
744,"2018-03-01 08:42:28.1500","2018-03-01 08:54:53.1110",312,"San Jose Diridon Station",37.329732,-121.901782,341,"Fountain Alley at S 2nd St",37.33618830029063,-121.88927650451659,2363,"Subscriber",1965,"Female"
880,"2018-03-01 08:40:10.3080","2018-03-01 08:54:51.0400",125,"20th St at Bryant St",37.7592005,-122.409851,321,"5th at Folsom",37.78014570345598,-122.40307085237873,477,"Subscriber",1979,"Female"
592,"2018-03-01 08:44:58.5220","2018-03-01 08:54:50.5750",58,"Market St at 10th St",37.776619,-122.417385,30,"San Francisco Caltrain (Townsend St at 4th St)",37.776598,-122.395282,3483,"Subscriber",1992,"Male"
234,"2018-03-01 08:50:08.6450","2018-03-01 08:54:02.8300",81,"Berry St at 4th St",37.77588,-122.39317,49,"S Park St at 3rd St",37.7807601,-122.3949894,3240,"Subscriber",1982,"Male"
1029,"2018-03-01 08:36:50.2940","2018-03-01 08:53:59.4500",24,"Spear St at Folsom St",37.7896767,-122.3904285,41,"Golden Gate Ave at Polk St",37.78127,-122.41874,504,"Subscriber",1995,"Male"
318,"2018-03-01 08:48:36.6360","2018-03-01 08:53:55.1470",16,"Steuart St at Market St",37.79413,-122.39443,28,"The Embarcadero at Bryant St",37.78716801474664,-122.38809792330358,3554,"Subscriber",1984,"Male"
391,"2018-03-01 08:47:12.9270","2018-03-01 08:53:44.7200",43,"San Francisco Public Library (Grove St at Hyde St)",37.7787677,-122.4159292,88,"11th St at Bryant St",37.7700298,-122.4117258,275,"Subscriber",1989,"Male"
1038,"2018-03-01 08:36:02.3750","2018-03-01 08:53:20.8170",263,"Channing Way at San Pablo Ave",37.8628271,-122.2902305,246,"Berkeley Civic Center",37.8690599,-122.270556,3524,"Subscriber",1968,"Female"
268,"2018-03-01 08:48:44.0180","2018-03-01 08:53:12.0470",163,"Lake Merritt BART Station",37.7973195,-122.2653199,198,"Snow Park",37.80781318217903,-122.26449608802795,2675,"Subscriber",1984,"Male"
473,"2018-03-01 08:45:12.7590","2018-03-01 08:53:05.7860",126,"Esprit Park",37.7616343,-122.3906477,67,"San Francisco Caltrain Station 2  (Townsend St at 4th St)",37.7766392,-122.3955263,496,"Subscriber",1986,"Male"
653,"2018-03-01 08:42:03.1960","2018-03-01 08:52:57.0710",15,"San Francisco Ferry Building (Harry Bridges Plaza)",37.795392,-122.394203,81,"Berry St at 4th St",37.77588,-122.39317,2977,"Subscriber",1982,"Male"
273,"2018-03-01 08:48:17.6460","2018-03-01 08:52:51.1620",67,"San Francisco Caltrain Station 2  (Townsend St at 4th St)",37.7766392,-122.3955263,93,"4th St at Mission Bay Blvd S",37.7704074,-122.3911984,2706,"Subscriber",1977,"Male"
744,"2018-03-01 08:40:16.0470","2018-03-01 08:52:40.5730",139,"Garfield Square (25th St at Harrison St)",37.7510171,-122.4119009,146,"30th St at San Jose Ave",37.7423139,-122.4231805,3653,"Subscriber",1960,"Female"
375,"2018-03-01 08:46:14.7020","2018-03-01 08:52:30.4610",41,"Golden Gate Ave at Polk St",37.78127,-122.41874,78,"Folsom St at 9th St",37.7737172,-122.4116467,403,"Subscriber",1993,"Female"
515,"2018-03-01 08:43:53.1630","2018-03-01 08:52:28.3680",238,"MLK Jr Way at University Ave",37.8717192,-122.2730677,266,"Parker St at Fulton St",37.8624644,-122.2647911,3633,"Subscriber",1967,"Male"
447,"2018-03-01 08:44:52.8870","2018-03-01 08:52:20.6880",10,"Washington St at Kearny St",37.79539293725452,-122.4047702550888,23,"The Embarcadero at Steuart St",37.791464,-122.391034,3056,"Subscriber",1970,"Male"
281,"2018-03-01 08:47:37.4890","2018-03-01 08:52:19.0270",137,"Jersey St at Castro St",37.750506,-122.4339496,134,"Valencia St at 24th St",37.7524278,-122.4206278,2257,"Subscriber",1979,"Male"
390,"2018-03-01 08:45:35.3500","2018-03-01 08:52:05.6860",72,"Page St at Scott St",37.772406,-122.4356498,76,"McCoppin St at Valencia St",37.77166246221617,-122.42242321372034,1255,"Subscriber",1984,"Male"
746,"2018-03-01 08:39:37.1520","2018-03-01 08:52:03.8790",42,"San Francisco City Hall (Polk St at Grove St)",37.77865,-122.41823,37,"2nd St at Folsom St",37.78499972833808,-122.39593561749642,973,"Subscriber",1982,"Male"
1002,"2018-03-01 08:35:19.0600","2018-03-01 08:52:01.9670",59,"S Van Ness Ave at Market St",37.774814,-122.418954,6,"The Embarcadero at Sansome St",37.80477,-122.403234,2626,"Subscriber",1987,"Male"
332,"2018-03-01 08:46:24.7060","2018-03-01 08:51:57.5710",196,"Grand Ave at Perkins St",37.80889393398715,-122.25646018981932,182,"19th Street BART Station",37.8090126,-122.2682473,3515,"Subscriber",1989,"Male"
1237,"2018-03-01 08:30:33.9870","2018-03-01 08:51:11.7950",106,"Sanchez St at 17th St",37.7632417,-122.4306746,13,"Commercial St at Montgomery St",37.794231,-122.402923,3379,"Subscriber",1981,"Male"
654,"2018-03-01 08:40:12.4010","2018-03-01 08:51:07.3830",200,"2nd Ave at E 18th St",37.800213566969795,-122.25381016731262,180,"Telegraph Ave at 23rd St",37.8126783,-122.2687726,3427,"Subscriber",1985,"Male"
352,"2018-03-01 08:45:12.1580","2018-03-01 08:51:05.1200",5,"Powell St BART Station (Market St at 5th St)",37.783899357084934,-122.40844488143921,13,"Commercial St at Montgomery St",37.794231,-122.402923,2052,"Subscriber",1983,"Male"
237,"2018-03-01 08:47:03.3080","2018-03-01 08:51:00.4460",3,"Powell St BART Station (Market St at 4th St)",37.78637526861584,-122.40490436553954,47,"4th St at Harrison St",37.78095459960753,-122.39974915981291,3721,"Subscriber",1990,"Female"
809,"2018-03-01 08:37:17.4520","2018-03-01 08:50:46.9970",23,"The Embarcadero at Steuart St",37.791464,-122.391034,93,"4th St at Mission Bay Blvd S",37.7704074,-122.3911984,2651,"Subscriber",1962,"Female"
287,"2018-03-01 08:45:57.4250","2018-03-01 08:50:44.5500",63,"Bryant St at 6th St",37.775910222333366,-122.40257500673577,49,"S Park St at 3rd St",37.7807601,-122.3949894,3068,"Subscriber",1994,"Male"
983,"2018-03-01 08:34:11.2390","2018-03-01 08:50:34.6380",15,"San Francisco Ferry Building (Harry Bridges Plaza)",37.795392,-122.394203,93,"4th St at Mission Bay Blvd S",37.7704074,-122.3911984,3640,"Customer","",""
512,"2018-03-01 08:41:50.0390","2018-03-01 08:50:22.9470",33,"Golden Gate Ave at Hyde St",37.7816495,-122.4154077,76,"McCoppin St at Valencia St",37.77166246221617,-122.42242321372034,2387,"Subscriber",1990,"Male"
717,"2018-03-01 08:38:13.6080","2018-03-01 08:50:10.8710",84,"Duboce Park",37.7692005,-122.4338119,19,"Post St at Kearny St",37.788975,-122.403452,658,"Subscriber",1994,"Male"
633,"2018-03-01 08:39:33.1840","2018-03-01 08:50:06.6620",213,"32nd St at Adeline St",37.8238474,-122.2811926,160,"West Oakland BART Station",37.8053183,-122.2948365,2337,"Subscriber",1985,"Male"
514,"2018-03-01 08:40:58.4600","2018-03-01 08:49:32.6540",81,"Berry St at 4th St",37.77588,-122.39317,16,"Steuart St at Market St",37.79413,-122.39443,811,"Subscriber",1983,"Male"
741,"2018-03-01 08:37:09.0650","2018-03-01 08:49:30.4590",66,"3rd St at Townsend St",37.77874161153677,-122.39274082710836,9,"Broadway at Battery St",37.79857210846256,-122.40086898207666,750,"Subscriber","",""
457,"2018-03-01 08:41:44.9440","2018-03-01 08:49:22.3890",15,"San Francisco Ferry Building (Harry Bridges Plaza)",37.795392,-122.394203,6,"The Embarcadero at Sansome St",37.80477,-122.403234,27,"Subscriber",1971,"Female"
367,"2018-03-01 08:43:11.3420","2018-03-01 08:49:19.3020",200,"2nd Ave at E 18th St",37.800213566969795,-122.25381016731262,163,"Lake Merritt BART Station",37.7973195,-122.2653199,3703,"Subscriber",1987,"Female"
222,"2018-03-01 08:45:24.6840","2018-03-01 08:49:07.1070",27,"Beale St at Harrison St",37.7880593,-122.3918648,342,"Colin P Kelly Jr St at Townsend St (Temporary Site)",37.781382819628725,-122.3898410797119,3398,"Subscriber",1987,"Male"
508,"2018-03-01 08:39:44.4120","2018-03-01 08:48:12.8560",323,"Broadway at Kearny",37.79801364395978,-122.40595042705534,24,"Spear St at Folsom St",37.7896767,-122.3904285,2121,"Subscriber",1973,"Male"
292,"2018-03-01 08:42:50.5340","2018-03-01 08:47:43.1210",17,"Embarcadero BART Station (Beale St at Market St)",37.792251,-122.397086,27,"Beale St at Harrison St",37.7880593,-122.3918648,3676,"Subscriber",1963,"Male"
602,"2018-03-01 08:37:37.4270","2018-03-01 08:47:40.3540",49,"S Park St at 3rd St",37.7807601,-122.3949894,16,"Steuart St at Market St",37.79413,-122.39443,3554,"Subscriber",1977,"Male"
589,"2018-03-01 08:37:49.8290","2018-03-01 08:47:38.9330",49,"S Park St at 3rd St",37.7807601,-122.3949894,16,"Steuart St at Market St",37.79413,-122.39443,2822,"Subscriber",1976,"Female"
508,"2018-03-01 08:39:01.7600","2018-03-01 08:47:30.3870",62,"Victoria Manalo Draves Park",37.77779057034257,-122.40643188357353,58,"Market St at 10th St",37.776619,-122.417385,2582,"Subscriber",1977,"Female"
820,"2018-03-01 08:33:30.5780","2018-03-01 08:47:11.4190",124,"19th St at Florida St",37.7604469,-122.410807,67,"San Francisco Caltrain Station 2  (Townsend St at 4th St)",37.7766392,-122.3955263,2167,"Subscriber",1983,"Male"
391,"2018-03-01 08:40:22.4760","2018-03-01 08:46:53.9870",200,"2nd Ave at E 18th St",37.800213566969795,-122.25381016731262,163,"Lake Merritt BART Station",37.7973195,-122.2653199,2675,"Subscriber",1985,"Female"
720,"2018-03-01 08:34:44.9410","2018-03-01 08:46:45.6430",122,"19th St at Mission St",37.760299,-122.418892,60,"8th St at Ringold St",37.77452040113685,-122.4094493687153,1524,"Subscriber",1991,"Male"
273,"2018-03-01 08:41:54.8830","2018-03-01 08:46:28.3070",74,"Laguna St at Hayes St",37.776434819204745,-122.42624402046204,59,"S Van Ness Ave at Market St",37.774814,-122.418954,2893,"Subscriber",1983,"Male"
410,"2018-03-01 08:39:08.2070","2018-03-01 08:45:58.3340",17,"Embarcadero BART Station (Beale St at Market St)",37.792251,-122.397086,49,"S Park St at 3rd St",37.7807601,-122.3949894,1248,"Subscriber",1991,"Male"
354,"2018-03-01 08:39:36.2630","2018-03-01 08:45:30.8620",15,"San Francisco Ferry Building (Harry Bridges Plaza)",37.795392,-122.394203,6,"The Embarcadero at Sansome St",37.80477,-122.403234,2427,"Subscriber",1967,"Male"
673,"2018-03-01 08:34:04.0620","2018-03-01 08:45:17.2830",58,"Market St at 10th St",37.776619,-122.417385,13,"Commercial St at Montgomery St",37.794231,-122.402923,2304,"Subscriber",1995,"Male"
483,"2018-03-01 08:37:05.4310","2018-03-01 08:45:08.5160",21,"Montgomery St BART Station (Market St at 2nd St)",37.7896254,-122.400811,30,"San Francisco Caltrain (Townsend St at 4th St)",37.776598,-122.395282,2139,"Subscriber",1984,"Female"
590,"2018-03-01 08:35:06.2690","2018-03-01 08:44:56.6620",58,"Market St at 10th St",37.776619,-122.417385,67,"San Francisco Caltrain Station 2  (Townsend St at 4th St)",37.7766392,-122.3955263,2706,"Subscriber",1992,"Male"
336,"2018-03-01 08:39:13.1990","2018-03-01 08:44:50.0020",72,"Page St at Scott St",37.772406,-122.4356498,74,"Laguna St at Hayes St",37.776434819204745,-122.42624402046204,600,"Subscriber",1986,"Male"
327,"2018-03-01 08:39:20.4900","2018-03-01 08:44:47.9030",47,"4th St at Harrison St",37.78095459960753,-122.39974915981291,64,"5th St at Brannan St",37.7767539,-122.3990176,3434,"Subscriber",1982,"Male"
349,"2018-03-01 08:38:54.8610","2018-03-01 08:44:44.1820",145,"29th St at Church St",37.7436839,-122.4268059,134,"Valencia St at 24th St",37.7524278,-122.4206278,3300,"Subscriber",1989,"Female"
587,"2018-03-01 08:34:43.8880","2018-03-01 08:44:31.2050",66,"3rd St at Townsend St",37.77874161153677,-122.39274082710836,61,"Howard St at 8th St",37.7765126,-122.4113061,1934,"Subscriber",1980,"Male"
801,"2018-03-01 08:30:55.1810","2018-03-01 08:44:16.4190",121,"Mission Playground",37.7592103,-122.4213392,30,"San Francisco Caltrain (Townsend St at 4th St)",37.776598,-122.395282,2522,"Subscriber",1980,"Male"
272,"2018-03-01 08:39:17.0390","2018-03-01 08:43:49.5940",59,"S Van Ness Ave at Market St",37.774814,-122.418954,88,"11th St at Bryant St",37.7700298,-122.4117258,3628,"Subscriber",1996,"Male"
451,"2018-03-01 08:36:04.1110","2018-03-01 08:43:35.1500",321,"5th at Folsom",37.78014570345598,-122.40307085237873,24,"Spear St at Folsom St",37.7896767,-122.3904285,2050,"Subscriber",1993,"Male"
1331,"2018-03-01 08:21:11.9240","2018-03-01 08:43:23.1580",27,"Beale St at Harrison St",37.7880593,-122.3918648,116,"Mississippi St at 17th St",37.7648022,-122.3947713,2736,"Subscriber",1975,"Male"
367,"2018-03-01 08:37:05.6430","2018-03-01 08:43:12.7510",21,"Montgomery St BART Station (Market St at 2nd St)",37.7896254,-122.400811,49,"S Park St at 3rd St",37.7807601,-122.3949894,952,"Subscriber",1980,"Male"
262,"2018-03-01 08:38:20.5900","2018-03-01 08:42:43.0280",138,"Jersey St at Church St",37.7509004,-122.4274114,134,"Valencia St at 24th St",37.7524278,-122.4206278,2994,"Subscriber",1961,"Female"
796,"2018-03-01 08:29:07.2050","2018-03-01 08:42:23.3980",67,"San Francisco Caltrain Station 2  (Townsend St at 4th St)",37.7766392,-122.3955263,78,"Folsom St at 9th St",37.7737172,-122.4116467,3645,"Subscriber",1968,"Female"
907,"2018-03-01 08:27:09.2270","2018-03-01 08:42:17.0330",126,"Esprit Park",37.7616343,-122.3906477,24,"Spear St at Folsom St",37.7896767,-122.3904285,506,"Subscriber",1973,"Male"
758,"2018-03-01 08:29:29.9600","2018-03-01 08:42:08.0690",15,"San Francisco Ferry Building (Harry Bridges Plaza)",37.795392,-122.394203,81,"Berry St at 4th St",37.77588,-122.39317,3161,"Subscriber",1987,"Female"
181,"2018-03-01 08:38:56.4810","2018-03-01 08:41:57.8300",126,"Esprit Park",37.7616343,-122.3906477,116,"Mississippi St at 17th St",37.7648022,-122.3947713,3173,"Subscriber",1993,"Male"
716,"2018-03-01 08:29:27.5170","2018-03-01 08:41:23.5880",67,"San Francisco Caltrain Station 2  (Townsend St at 4th St)",37.7766392,-122.3955263,3,"Powell St BART Station (Market St at 4th St)",37.78637526861584,-122.40490436553954,2354,"Subscriber",1967,"Male"
455,"2018-03-01 08:32:44.6690","2018-03-01 08:40:20.0020",3,"Powell St BART Station (Market St at 4th St)",37.78637526861584,-122.40490436553954,30,"San Francisco Caltrain (Townsend St at 4th St)",37.776598,-122.395282,2934,"Subscriber",1984,"Female"
620,"2018-03-01 08:29:25.7920","2018-03-01 08:39:46.2400",30,"San Francisco Caltrain (Townsend St at 4th St)",37.776598,-122.395282,15,"San Francisco Ferry Building (Harry Bridges Plaza)",37.795392,-122.394203,1617,"Subscriber",1977,"Male"
159,"2018-03-01 08:37:01.9330","2018-03-01 08:39:41.8520",137,"Jersey St at Castro St",37.750506,-122.4339496,138,"Jersey St at Church St",37.7509004,-122.4274114,2777,"Subscriber",1988,"Male"
159,"2018-03-01 08:36:18.1560","2018-03-01 08:38:57.2420",279,"Santa Clara St at 7th St",37.3391456,-121.8841054,281,"9th St at San Fernando",37.3383952,-121.8807965,1599,"Subscriber",1981,"Male"
595,"2018-03-01 08:28:36.8580","2018-03-01 08:38:32.1370",30,"San Francisco Caltrain (Townsend St at 4th St)",37.776598,-122.395282,15,"San Francisco Ferry Building (Harry Bridges Plaza)",37.795392,-122.394203,2427,"Subscriber",1991,"Female"
459,"2018-03-01 08:30:50.9220","2018-03-01 08:38:30.2940",286,"San Carlos St at 11th St",37.3364659,-121.8766132,327,"5th St at San Salvador St",37.33203868095132,-121.8817663192749,1707,"Subscriber",1990,"Male"
453,"2018-03-01 08:30:45.8100","2018-03-01 08:38:19.2030",116,"Mississippi St at 17th St",37.7648022,-122.3947713,130,"22nd St Caltrain Station",37.75736899005735,-122.3920565843582,1604,"Subscriber","",""
386,"2018-03-01 08:31:34.2780","2018-03-01 08:38:01.0700",134,"Valencia St at 24th St",37.7524278,-122.4206278,110,"17th & Folsom Street Park (17th St at Folsom St)",37.7637085,-122.4152042,292,"Subscriber",1981,"Male"
500,"2018-03-01 08:29:38.6500","2018-03-01 08:37:59.2310",309,"San Jose City Hall",37.337391,-121.886995,296,"5th St at Virginia St",37.3259984,-121.87712,3087,"Customer",1985,"Male"
143,"2018-03-01 08:35:34.0610","2018-03-01 08:37:57.6940",181,"Grand Ave at Webster St",37.8113768,-122.2651925,182,"19th Street BART Station",37.8090126,-122.2682473,1811,"Subscriber",1984,"Male"
878,"2018-03-01 08:23:17.8320","2018-03-01 08:37:56.7920",286,"San Carlos St at 11th St",37.3364659,-121.8766132,278,"The Alameda at Bush St",37.3319323,-121.9048882,486,"Subscriber",1988,"Male"
973,"2018-03-01 08:21:28.5010","2018-03-01 08:37:41.7690",70,"Central Ave at Fell St",37.77331087889723,-122.44429260492325,88,"11th St at Bryant St",37.7700298,-122.4117258,2312,"Subscriber",1991,"Female"
207,"2018-03-01 08:34:08.4800","2018-03-01 08:37:35.4910",175,"49th St at Telegraph Ave",37.8359455,-122.2623663,176,"MacArthur BART Station",37.82840997305853,-122.26631462574005,3229,"Subscriber",1991,"Male"
470,"2018-03-01 08:29:16.9450","2018-03-01 08:37:07.5400",52,"McAllister St at Baker St",37.7774157,-122.4418376,75,"Market St at Franklin St",37.7737932060887,-122.42123901844025,3570,"Subscriber",1996,"Male"
529,"2018-03-01 08:28:16.7660","2018-03-01 08:37:05.9250",280,"San Fernando at 7th St",37.337246,-121.8830739,296,"5th St at Virginia St",37.3259984,-121.87712,179,"Subscriber",1998,"Male"
495,"2018-03-01 08:28:18.6840","2018-03-01 08:36:34.0660",23,"The Embarcadero at Steuart St",37.791464,-122.391034,6,"The Embarcadero at Sansome St",37.80477,-122.403234,2639,"Subscriber",1995,"Male"
833,"2018-03-01 08:22:37.0390","2018-03-01 08:36:30.6660",22,"Howard St at Beale St",37.789756,-122.394643,93,"4th St at Mission Bay Blvd S",37.7704074,-122.3911984,2995,"Subscriber",1974,"Male"
499,"2018-03-01 08:27:46.1510","2018-03-01 08:36:05.7330",27,"Beale St at Harrison St",37.7880593,-122.3918648,30,"San Francisco Caltrain (Townsend St at 4th St)",37.776598,-122.395282,2228,"Subscriber",1979,"Male"
537,"2018-03-01 08:26:58.3720","2018-03-01 08:35:55.4310",210,"45th St at Manila",37.8332935222321,-122.25622415542603,152,"47th St at San Pablo Ave",37.83563220458518,-122.28105068206787,1947,"Subscriber",1988,"Female"
372,"2018-03-01 08:29:29.9870","2018-03-01 08:35:42.1260",245,"Downtown Berkeley BART",37.8703477,-122.2677637,239,"Bancroft Way at Telegraph Ave",37.8688126,-122.258764,2986,"Subscriber",1968,"Male"
592,"2018-03-01 08:25:24.9890","2018-03-01 08:35:17.4710",90,"Townsend St at 7th St",37.771058,-122.402717,3,"Powell St BART Station (Market St at 4th St)",37.78637526861584,-122.40490436553954,2059,"Subscriber",1983,"Female"
603,"2018-03-01 08:25:07.4590","2018-03-01 08:35:11.2890",30,"San Francisco Caltrain (Townsend St at 4th St)",37.776598,-122.395282,3,"Powell St BART Station (Market St at 4th St)",37.78637526861584,-122.40490436553954,3721,"Subscriber",1961,"Male"
1032,"2018-03-01 08:17:31.5970","2018-03-01 08:34:44.3440",16,"Steuart St at Market St",37.79413,-122.39443,93,"4th St at Mission Bay Blvd S",37.7704074,-122.3911984,2100,"Subscriber",1962,"Female"
1323,"2018-03-01 08:12:28.1690","2018-03-01 08:34:31.6770",22,"Howard St at Beale St",37.789756,-122.394643,93,"4th St at Mission Bay Blvd S",37.7704074,-122.3911984,676,"Subscriber","","Female"
210,"2018-03-01 08:29:51.9580","2018-03-01 08:33:22.3820",17,"Embarcadero BART Station (Beale St at Market St)",37.792251,-122.397086,13,"Commercial St at Montgomery St",37.794231,-122.402923,3210,"Subscriber",1982,"Male"
326,"2018-03-01 08:27:25.9660","2018-03-01 08:32:52.1890",45,"5th St at Howard St",37.781752,-122.405127,67,"San Francisco Caltrain Station 2  (Townsend St at 4th St)",37.7766392,-122.3955263,1885,"Subscriber",1988,"Male"
343,"2018-03-01 08:26:42.1550","2018-03-01 08:32:25.6090",189,"Genoa St at 55th St",37.8396488,-122.2717561,176,"MacArthur BART Station",37.82840997305853,-122.26631462574005,456,"Subscriber",1989,"Male"
622,"2018-03-01 08:21:51.3650","2018-03-01 08:32:13.9600",66,"3rd St at Townsend St",37.77874161153677,-122.39274082710836,126,"Esprit Park",37.7616343,-122.3906477,2774,"Subscriber",1988,"Female"
281,"2018-03-01 08:26:13.1410","2018-03-01 08:30:54.8140",67,"San Francisco Caltrain Station 2  (Townsend St at 4th St)",37.7766392,-122.3955263,45,"5th St at Howard St",37.781752,-122.405127,806,"Subscriber",1968,"Male"
384,"2018-03-01 08:24:21.7960","2018-03-01 08:30:46.4600",308,"San Pedro Square",37.336802,-121.8940901,312,"San Jose Diridon Station",37.329732,-121.901782,355,"Subscriber",1991,"Female"
1075,"2018-03-01 08:12:37.1710","2018-03-01 08:30:33.1660",312,"San Jose Diridon Station",37.329732,-121.901782,313,"Almaden Blvd at San Fernando St",37.331415,-121.8932,48,"Customer","",""
793,"2018-03-01 08:16:37.6810","2018-03-01 08:29:51.6120",16,"Steuart St at Market St",37.79413,-122.39443,93,"4th St at Mission Bay Blvd S",37.7704074,-122.3911984,370,"Subscriber",1971,"Male"
181,"2018-03-01 08:26:37.4560","2018-03-01 08:29:39.1970",208,"S. 4th St at San Carlos St",37.33283577967246,-121.88391208648682,309,"San Jose City Hall",37.337391,-121.886995,1891,"Subscriber",1985,"Male"
822,"2018-03-01 08:15:14.9390","2018-03-01 08:28:57.1670",323,"Broadway at Kearny",37.79801364395978,-122.40595042705534,30,"San Francisco Caltrain (Townsend St at 4th St)",37.776598,-122.395282,3669,"Subscriber",1989,"Male"
364,"2018-03-01 08:21:54.5720","2018-03-01 08:27:59.2380",196,"Grand Ave at Perkins St",37.80889393398715,-122.25646018981932,182,"19th Street BART Station",37.8090126,-122.2682473,2840,"Subscriber",1982,"Male"
495,"2018-03-01 08:18:28.0630","2018-03-01 08:26:43.1810",22,"Howard St at Beale St",37.789756,-122.394643,49,"S Park St at 3rd St",37.7807601,-122.3949894,3055,"Subscriber",1986,"Male"
333,"2018-03-01 08:20:34.3690","2018-03-01 08:26:07.4320",173,"Shattuck Ave at 55th Ave",37.8403643,-122.2644881,176,"MacArthur BART Station",37.82840997305853,-122.26631462574005,554,"Subscriber",1986,"Male"
749,"2018-03-01 08:12:49.1840","2018-03-01 08:25:18.3790",67,"San Francisco Caltrain Station 2  (Townsend St at 4th St)",37.7766392,-122.3955263,58,"Market St at 10th St",37.776619,-122.417385,158,"Subscriber",1985,"Male"
628,"2018-03-01 08:14:49.0240","2018-03-01 08:25:17.2080",66,"3rd St at Townsend St",37.77874161153677,-122.39274082710836,78,"Folsom St at 9th St",37.7737172,-122.4116467,245,"Subscriber",1989,"Female"
316,"2018-03-01 08:19:53.7050","2018-03-01 08:25:10.1710",323,"Broadway at Kearny",37.79801364395978,-122.40595042705534,21,"Montgomery St BART Station (Market St at 2nd St)",37.7896254,-122.400811,952,"Subscriber",1988,"Male"
169,"2018-03-01 08:22:12.4050","2018-03-01 08:25:02.0770",17,"Embarcadero BART Station (Beale St at Market St)",37.792251,-122.397086,27,"Beale St at Harrison St",37.7880593,-122.3918648,2228,"Subscriber",1984,"Female"
861,"2018-03-01 08:09:42.0640","2018-03-01 08:24:03.3610",30,"San Francisco Caltrain (Townsend St at 4th St)",37.776598,-122.395282,14,"Clay St at Battery St",37.795001,-122.39997,2831,"Subscriber",1969,"Female"
598,"2018-03-01 08:13:40.5800","2018-03-01 08:23:38.6870",15,"San Francisco Ferry Building (Harry Bridges Plaza)",37.795392,-122.394203,66,"3rd St at Townsend St",37.77874161153677,-122.39274082710836,1934,"Subscriber",1978,"Male"
744,"2018-03-01 08:10:33.5240","2018-03-01 08:22:57.5580",129,"Harrison St at 20th St",37.758862,-122.412544,80,"Townsend St at 5th St",37.7753058,-122.39738,1587,"Subscriber",1981,"Male"
647,"2018-03-01 08:10:48.9990","2018-03-01 08:21:36.7560",16,"Steuart St at Market St",37.79413,-122.39443,342,"Colin P Kelly Jr St at Townsend St (Temporary Site)",37.781382819628725,-122.3898410797119,100,"Subscriber",1970,"Male"
637,"2018-03-01 08:10:49.3270","2018-03-01 08:21:26.6160",30,"San Francisco Caltrain (Townsend St at 4th St)",37.776598,-122.395282,15,"San Francisco Ferry Building (Harry Bridges Plaza)",37.795392,-122.394203,3161,"Subscriber",1967,"Male"
1221,"2018-03-01 08:01:04.3330","2018-03-01 08:21:26.2010",189,"Genoa St at 55th St",37.8396488,-122.2717561,7,"Frank H Ogawa Plaza",37.8045623549303,-122.27173805236816,11,"Subscriber",1990,"Male"
1185,"2018-03-01 08:01:33.2180","2018-03-01 08:21:19.1530",29,"O'Farrell St at Divisadero St",37.782404601934104,-122.43944585323335,49,"S Park St at 3rd St",37.7807601,-122.3949894,2338,"Subscriber",1992,"Male"
1275,"2018-03-01 07:59:38.7950","2018-03-01 08:20:54.0230",119,"18th St at Noe St",37.7610471,-122.4326417,284,"Yerba Buena Center for the Arts (Howard St at 3rd St)",37.78487208436062,-122.40087568759917,2173,"Subscriber",1973,"Male"
538,"2018-03-01 08:11:51.6450","2018-03-01 08:20:50.0640",43,"San Francisco Public Library (Grove St at Hyde St)",37.7787677,-122.4159292,16,"Steuart St at Market St",37.79413,-122.39443,122,"Subscriber",1987,"Male"
453,"2018-03-01 08:12:06.1800","2018-03-01 08:19:39.5590",89,"Division St at Potrero Ave",37.76921786152374,-122.40764558315276,62,"Victoria Manalo Draves Park",37.77779057034257,-122.40643188357353,2582,"Subscriber",1985,"Male"
637,"2018-03-01 08:08:40.3750","2018-03-01 08:19:17.7610",312,"San Jose Diridon Station",37.329732,-121.901782,208,"S. 4th St at San Carlos St",37.33283577967246,-121.88391208648682,2935,"Subscriber",1965,"Male"
447,"2018-03-01 08:11:15.0100","2018-03-01 08:18:42.3790",197,"El Embarcadero at Grand Ave",37.8088479,-122.2496799,182,"19th Street BART Station",37.8090126,-122.2682473,3405,"Subscriber",1989,"Male"
595,"2018-03-01 08:08:34.9210","2018-03-01 08:18:30.8030",30,"San Francisco Caltrain (Townsend St at 4th St)",37.776598,-122.395282,126,"Esprit Park",37.7616343,-122.3906477,506,"Subscriber",1978,"Female"
649,"2018-03-01 08:07:37.5460","2018-03-01 08:18:27.1550",15,"San Francisco Ferry Building (Harry Bridges Plaza)",37.795392,-122.394203,49,"S Park St at 3rd St",37.7807601,-122.3949894,3729,"Subscriber",1979,"Male"
314,"2018-03-01 08:12:51.6260","2018-03-01 08:18:05.6940",60,"8th St at Ringold St",37.77452040113685,-122.4094493687153,30,"San Francisco Caltrain (Townsend St at 4th St)",37.776598,-122.395282,3721,"Subscriber",1992,"Female"
551,"2018-03-01 08:08:45.1530","2018-03-01 08:17:57.0670",22,"Howard St at Beale St",37.789756,-122.394643,6,"The Embarcadero at Sansome St",37.80477,-122.403234,70,"Subscriber",1961,"Male"
353,"2018-03-01 08:11:33.7010","2018-03-01 08:17:26.8500",30,"San Francisco Caltrain (Townsend St at 4th St)",37.776598,-122.395282,37,"2nd St at Folsom St",37.78499972833808,-122.39593561749642,1150,"Subscriber",1971,"Male"
362,"2018-03-01 08:11:23.7470","2018-03-01 08:17:26.1490",30,"San Francisco Caltrain (Townsend St at 4th St)",37.776598,-122.395282,37,"2nd St at Folsom St",37.78499972833808,-122.39593561749642,3105,"Subscriber",1986,"Male"
1032,"2018-03-01 08:00:10.9770","2018-03-01 08:17:23.9570",22,"Howard St at Beale St",37.789756,-122.394643,41,"Golden Gate Ave at Polk St",37.78127,-122.41874,403,"Subscriber",1977,"Female"
533,"2018-03-01 08:08:13.7230","2018-03-01 08:17:07.4820",16,"Steuart St at Market St",37.79413,-122.39443,342,"Colin P Kelly Jr St at Townsend St (Temporary Site)",37.781382819628725,-122.3898410797119,1463,"Subscriber",1970,"Male"
381,"2018-03-01 08:08:54.1570","2018-03-01 08:15:15.8620",312,"San Jose Diridon Station",37.329732,-121.901782,287,"Almaden Blvd at Balbach St",37.32673,-121.8892731,1684,"Subscriber",1984,"Male"
403,"2018-03-01 08:08:17.0850","2018-03-01 08:15:00.1810",17,"Embarcadero BART Station (Beale St at Market St)",37.792251,-122.397086,342,"Colin P Kelly Jr St at Townsend St (Temporary Site)",37.781382819628725,-122.3898410797119,190,"Subscriber",1981,"Male"
195,"2018-03-01 08:11:12.2960","2018-03-01 08:14:27.5200",212,"Mosswood Park",37.8249311,-122.2604787,176,"MacArthur BART Station",37.82840997305853,-122.26631462574005,2350,"Subscriber",1995,"Male"
224,"2018-03-01 08:10:35.6970","2018-03-01 08:14:19.9170",61,"Howard St at 8th St",37.7765126,-122.4113061,77,"11th St at Natoma St",37.7735069,-122.4160402,3385,"Subscriber",1990,"Male"
150,"2018-03-01 08:11:22.9680","2018-03-01 08:13:53.4040",336,"Potrero Ave and Mariposa St",37.76328094058097,-122.4073773622513,124,"19th St at Florida St",37.7604469,-122.410807,2011,"Subscriber",1989,"Male"
676,"2018-03-01 08:02:36.3390","2018-03-01 08:13:52.8320",112,"Harrison St at 17th St",37.7638471,-122.4130036,59,"S Van Ness Ave at Market St",37.774814,-122.418954,2410,"Subscriber",1984,"Female"
357,"2018-03-01 08:07:45.3260","2018-03-01 08:13:43.1100",67,"San Francisco Caltrain Station 2  (Townsend St at 4th St)",37.7766392,-122.3955263,45,"5th St at Howard St",37.781752,-122.405127,3647,"Subscriber",1982,"Male"
306,"2018-03-01 08:08:07.4750","2018-03-01 08:13:14.1010",15,"San Francisco Ferry Building (Harry Bridges Plaza)",37.795392,-122.394203,9,"Broadway at Battery St",37.79857210846256,-122.40086898207666,1126,"Subscriber",1988,"Male"
81,"2018-03-01 08:11:07.6280","2018-03-01 08:12:29.5270",4,"Cyril Magnin St at Ellis St",37.78588062694133,-122.4089150084319,5,"Powell St BART Station (Market St at 5th St)",37.783899357084934,-122.40844488143921,2143,"Subscriber",1982,"Male"
250,"2018-03-01 08:08:14.2840","2018-03-01 08:12:24.7280",16,"Steuart St at Market St",37.79413,-122.39443,8,"The Embarcadero at Vallejo St",37.799953,-122.398525,1019,"Subscriber",1963,"Female"
190,"2018-03-01 08:08:41.7000","2018-03-01 08:11:52.6710",181,"Grand Ave at Webster St",37.8113768,-122.2651925,196,"Grand Ave at Perkins St",37.80889393398715,-122.25646018981932,1129,"Subscriber",1985,"Female"
151,"2018-03-01 08:09:05.6670","2018-03-01 08:11:37.4410",186,"Lakeside Dr at 14th St",37.8013189,-122.2626418,163,"Lake Merritt BART Station",37.7973195,-122.2653199,1300,"Subscriber",1984,"Female"
311,"2018-03-01 08:05:31.2020","2018-03-01 08:10:42.8400",15,"San Francisco Ferry Building (Harry Bridges Plaza)",37.795392,-122.394203,25,"Howard St at 2nd St",37.787521780456245,-122.39740490913391,619,"Subscriber",1962,"Male"
418,"2018-03-01 08:03:33.1320","2018-03-01 08:10:32.1180",21,"Montgomery St BART Station (Market St at 2nd St)",37.7896254,-122.400811,49,"S Park St at 3rd St",37.7807601,-122.3949894,3494,"Subscriber",1989,"Female"
1320,"2018-03-01 07:48:01.8090","2018-03-01 08:10:02.7360",70,"Central Ave at Fell St",37.77331087889723,-122.44429260492325,24,"Spear St at Folsom St",37.7896767,-122.3904285,1252,"Subscriber",1993,"Male"
382,"2018-03-01 08:02:58.9390","2018-03-01 08:09:21.3730",22,"Howard St at Beale St",37.789756,-122.394643,49,"S Park St at 3rd St",37.7807601,-122.3949894,1167,"Subscriber",1982,"Male"
657,"2018-03-01 07:57:25.7360","2018-03-01 08:08:23.0840",30,"San Francisco Caltrain (Townsend St at 4th St)",37.776598,-122.395282,37,"2nd St at Folsom St",37.78499972833808,-122.39593561749642,3670,"Subscriber",1972,"Female"
893,"2018-03-01 07:53:25.1110","2018-03-01 08:08:18.9700",277,"Morrison Ave at Julian St",37.3336577,-121.9085859,280,"San Fernando at 7th St",37.337246,-121.8830739,260,"Subscriber",1990,"Male"
414,"2018-03-01 08:01:01.8810","2018-03-01 08:07:56.3880",34,"Father Alfred E Boeddeker Park",37.7839879,-122.412408,67,"San Francisco Caltrain Station 2  (Townsend St at 4th St)",37.7766392,-122.3955263,1269,"Subscriber",1982,"Male"
1061,"2018-03-01 07:50:08.3390","2018-03-01 08:07:49.7470",141,"Valencia St at Cesar Chavez St",37.7479981,-122.4202187,45,"5th St at Howard St",37.781752,-122.405127,3646,"Subscriber",1988,"Male"
303,"2018-03-01 08:02:26.9160","2018-03-01 08:07:30.3410",93,"4th St at Mission Bay Blvd S",37.7704074,-122.3911984,102,"Irwin St at 8th St",37.7668828,-122.3995794,484,"Subscriber",1981,"Male"
2686,"2018-03-01 07:22:38.3740","2018-03-01 08:07:24.9620",28,"The Embarcadero at Bryant St",37.78716801474664,-122.38809792330358,20,"Mechanics Monument Plaza (Market St at Bush St)",37.7913,-122.399051,3346,"Subscriber",1962,"Male"
679,"2018-03-01 07:55:44.9020","2018-03-01 08:07:04.1720",30,"San Francisco Caltrain (Townsend St at 4th St)",37.776598,-122.395282,19,"Post St at Kearny St",37.788975,-122.403452,321,"Subscriber",1967,"Male"
577,"2018-03-01 07:56:55.2370","2018-03-01 08:06:33.1480",324,"Union Square (Powell St at Post St)",37.788299978150825,-122.40853071212767,62,"Victoria Manalo Draves Park",37.77779057034257,-122.40643188357353,1107,"Customer",1964,"Male"
149,"2018-03-01 08:03:38.6500","2018-03-01 08:06:08.6270",39,"Scott St at Golden Gate Ave",37.7789994,-122.4368608,31,"Raymond Kimbell Playground",37.78381270927812,-122.43455886840819,357,"Subscriber",1993,"Male"
177,"2018-03-01 08:03:01.7030","2018-03-01 08:05:59.2230",181,"Grand Ave at Webster St",37.8113768,-122.2651925,337,"Webster St at 19th St",37.80696976095594,-122.26658821105957,1804,"Subscriber",1962,"Female"
1058,"2018-03-01 07:48:15.3300","2018-03-01 08:05:54.1960",15,"San Francisco Ferry Building (Harry Bridges Plaza)",37.795392,-122.394203,93,"4th St at Mission Bay Blvd S",37.7704074,-122.3911984,2768,"Subscriber",1983,"Male"
774,"2018-03-01 07:52:32.7330","2018-03-01 08:05:26.9690",72,"Page St at Scott St",37.772406,-122.4356498,5,"Powell St BART Station (Market St at 5th St)",37.783899357084934,-122.40844488143921,1282,"Subscriber",1985,"Female"
375,"2018-03-01 07:58:05.9250","2018-03-01 08:04:21.6800",22,"Howard St at Beale St",37.789756,-122.394643,9,"Broadway at Battery St",37.79857210846256,-122.40086898207666,3363,"Subscriber",1962,"Male"
255,"2018-03-01 07:59:40.6090","2018-03-01 08:03:56.4640",93,"4th St at Mission Bay Blvd S",37.7704074,-122.3911984,30,"San Francisco Caltrain (Townsend St at 4th St)",37.776598,-122.395282,506,"Subscriber",1988,"Male"
455,"2018-03-01 07:56:00.5380","2018-03-01 08:03:35.9250",58,"Market St at 10th St",37.776619,-122.417385,21,"Montgomery St BART Station (Market St at 2nd St)",37.7896254,-122.400811,2703,"Subscriber",1995,"Male"
328,"2018-03-01 07:57:47.4560","2018-03-01 08:03:16.3710",16,"Steuart St at Market St",37.79413,-122.39443,6,"The Embarcadero at Sansome St",37.80477,-122.403234,1657,"Subscriber",1984,"Male"
1172,"2018-03-01 07:43:02.1520","2018-03-01 08:02:34.5880",144,"Precita Park",37.7472996,-122.4114029,36,"Folsom St at 3rd St",37.78383,-122.39887,3006,"Subscriber",1980,"Female"
514,"2018-03-01 07:53:53.8640","2018-03-01 08:02:28.0100",85,"Church St at Duboce Ave",37.7700831,-122.4291557,88,"11th St at Bryant St",37.7700298,-122.4117258,2102,"Subscriber",1993,"Male"
236,"2018-03-01 07:58:19.9860","2018-03-01 08:02:16.5980",90,"Townsend St at 7th St",37.771058,-122.402717,67,"San Francisco Caltrain Station 2  (Townsend St at 4th St)",37.7766392,-122.3955263,2495,"Subscriber",1989,"Female"
170,"2018-03-01 07:58:36.0750","2018-03-01 08:01:26.7670",108,"16th St Mission BART",37.76471008581914,-122.41995692253113,112,"Harrison St at 17th St",37.7638471,-122.4130036,2863,"Subscriber",1983,"Male"
453,"2018-03-01 07:53:10.7040","2018-03-01 08:00:44.4550",296,"5th St at Virginia St",37.3259984,-121.87712,280,"San Fernando at 7th St",37.337246,-121.8830739,1815,"Subscriber",1992,"Male"
299,"2018-03-01 07:55:35.5880","2018-03-01 08:00:35.2300",308,"San Pedro Square",37.336802,-121.8940901,312,"San Jose Diridon Station",37.329732,-121.901782,2935,"Subscriber",1985,"Female"
968,"2018-03-01 07:44:22.2250","2018-03-01 08:00:31.0780",188,"Dover St at 57th St",37.8426295,-122.267738,240,"Haste St at Telegraph Ave",37.8660431,-122.2588044,1763,"Subscriber",1988,"Female"
271,"2018-03-01 07:55:53.3330","2018-03-01 08:00:24.6620",243,"Bancroft Way at College Ave",37.8693603,-122.2543374,256,"Hearst Ave at Euclid Ave",37.875111692864444,-122.26055324077606,2182,"Subscriber",1995,"Male"
1358,"2018-03-01 07:37:44.3070","2018-03-01 08:00:23.2320",6,"The Embarcadero at Sansome St",37.80477,-122.403234,90,"Townsend St at 7th St",37.771058,-122.402717,3243,"Subscriber",1992,"Female"
643,"2018-03-01 07:48:23.1550","2018-03-01 07:59:07.0740",44,"Civic Center/UN Plaza BART Station (Market St at McAllister St)",37.7810737,-122.4117382,25,"Howard St at 2nd St",37.787521780456245,-122.39740490913391,2273,"Subscriber",1980,"Male"
1247,"2018-03-01 07:37:44.9070","2018-03-01 07:58:32.1610",115,"Jackson Playground",37.7650259,-122.3987734,20,"Mechanics Monument Plaza (Market St at Bush St)",37.7913,-122.399051,2932,"Subscriber",1985,"Male"
676,"2018-03-01 07:47:06.3000","2018-03-01 07:58:22.6880",22,"Howard St at Beale St",37.789756,-122.394643,30,"San Francisco Caltrain (Townsend St at 4th St)",37.776598,-122.395282,3161,"Subscriber",1982,"Female"
594,"2018-03-01 07:47:25.6440","2018-03-01 07:57:20.2990",24,"Spear St at Folsom St",37.7896767,-122.3904285,30,"San Francisco Caltrain (Townsend St at 4th St)",37.776598,-122.395282,2831,"Subscriber",1990,"Male"
536,"2018-03-01 07:48:11.2960","2018-03-01 07:57:07.8100",312,"San Jose Diridon Station",37.329732,-121.901782,311,"Paseo De San Antonio at 2nd St",37.333798,-121.886943,2825,"Subscriber",1965,"Male"
419,"2018-03-01 07:49:57.3740","2018-03-01 07:56:57.1540",296,"5th St at Virginia St",37.3259984,-121.87712,327,"5th St at San Salvador St",37.33203868095132,-121.8817663192749,59,"Subscriber",1989,"Female"
352,"2018-03-01 07:50:38.8260","2018-03-01 07:56:30.9340",249,"Russell St at College Ave",37.8584732,-122.2532529,243,"Bancroft Way at College Ave",37.8693603,-122.2543374,3126,"Subscriber",1990,"Female"
244,"2018-03-01 07:51:21.2580","2018-03-01 07:55:26.1040",89,"Division St at Potrero Ave",37.76921786152374,-122.40764558315276,80,"Townsend St at 5th St",37.7753058,-122.39738,814,"Subscriber",1992,"Female"
235,"2018-03-01 07:51:04.9610","2018-03-01 07:55:00.1030",58,"Market St at 10th St",37.776619,-122.417385,89,"Division St at Potrero Ave",37.76921786152374,-122.40764558315276,3364,"Subscriber",1978,"Male"
431,"2018-03-01 07:47:01.3780","2018-03-01 07:54:13.2810",173,"Shattuck Ave at 55th Ave",37.8403643,-122.2644881,176,"MacArthur BART Station",37.82840997305853,-122.26631462574005,288,"Subscriber",1983,"Male"
852,"2018-03-01 07:40:00.0590","2018-03-01 07:54:12.8470",22,"Howard St at Beale St",37.789756,-122.394643,90,"Townsend St at 7th St",37.771058,-122.402717,2059,"Subscriber",1981,"Other"
238,"2018-03-01 07:50:12.2430","2018-03-01 07:54:10.8010",74,"Laguna St at Hayes St",37.776434819204745,-122.42624402046204,43,"San Francisco Public Library (Grove St at Hyde St)",37.7787677,-122.4159292,2497,"Subscriber",1965,"Male"
909,"2018-03-01 07:38:57.3000","2018-03-01 07:54:06.4430",159,"24th St at Market St",37.8160598,-122.2782444,160,"West Oakland BART Station",37.8053183,-122.2948365,3665,"Subscriber",1985,"Female"
211,"2018-03-01 07:50:33.8200","2018-03-01 07:54:04.9670",62,"Victoria Manalo Draves Park",37.77779057034257,-122.40643188357353,64,"5th St at Brannan St",37.7767539,-122.3990176,3333,"Subscriber",1994,"Male"
372,"2018-03-01 07:47:51.7250","2018-03-01 07:54:04.4870",218,"DeFremery Park",37.8123315,-122.2851712,160,"West Oakland BART Station",37.8053183,-122.2948365,293,"Subscriber",1983,"Male"
232,"2018-03-01 07:50:03.0380","2018-03-01 07:53:55.7620",96,"Dolores St at 15th St",37.7662102,-122.4266136,108,"16th St Mission BART",37.76471008581914,-122.41995692253113,1751,"Subscriber",1983,"Male"
597,"2018-03-01 07:43:39.2500","2018-03-01 07:53:36.4910",85,"Church St at Duboce Ave",37.7700831,-122.4291557,61,"Howard St at 8th St",37.7765126,-122.4113061,634,"Subscriber",1990,"Female"
724,"2018-03-01 07:40:55.0070","2018-03-01 07:52:59.3360",126,"Esprit Park",37.7616343,-122.3906477,124,"19th St at Florida St",37.7604469,-122.410807,2167,"Customer",1991,"Male"
846,"2018-03-01 07:37:53.7580","2018-03-01 07:51:59.7890",16,"Steuart St at Market St",37.79413,-122.39443,93,"4th St at Mission Bay Blvd S",37.7704074,-122.3911984,255,"Subscriber",1982,"Female"
778,"2018-03-01 07:37:51.8600","2018-03-01 07:50:49.9730",144,"Precita Park",37.7472996,-122.4114029,58,"Market St at 10th St",37.776619,-122.417385,3364,"Subscriber",1989,"Male"
428,"2018-03-01 07:43:38.7280","2018-03-01 07:50:47.6480",56,"Koshland Park",37.77341396997343,-122.42731690406801,43,"San Francisco Public Library (Grove St at Hyde St)",37.7787677,-122.4159292,2423,"Subscriber",1968,"Male"
385,"2018-03-01 07:43:40.8560","2018-03-01 07:50:06.0550",58,"Market St at 10th St",37.776619,-122.417385,3,"Powell St BART Station (Market St at 4th St)",37.78637526861584,-122.40490436553954,2860,"Subscriber",1987,"Female"
915,"2018-03-01 07:34:29.2830","2018-03-01 07:49:44.5130",205,"Shafter Ave at Cavour St",37.8379469,-122.2572427,181,"Grand Ave at Webster St",37.8113768,-122.2651925,473,"Subscriber",1968,"Female"
529,"2018-03-01 07:40:44.8740","2018-03-01 07:49:34.1170",109,"17th St at Valencia St",37.7633158,-122.4219039,58,"Market St at 10th St",37.776619,-122.417385,2562,"Subscriber",1960,"Male"
395,"2018-03-01 07:42:45.2130","2018-03-01 07:49:20.3970",139,"Garfield Square (25th St at Harrison St)",37.7510171,-122.4119009,141,"Valencia St at Cesar Chavez St",37.7479981,-122.4202187,1976,"Customer",1978,"Female"
361,"2018-03-01 07:43:09.5060","2018-03-01 07:49:11.2080",323,"Broadway at Kearny",37.79801364395978,-122.40595042705534,15,"San Francisco Ferry Building (Harry Bridges Plaza)",37.795392,-122.394203,3729,"Subscriber",1976,"Other"
777,"2018-03-01 07:36:05.7220","2018-03-01 07:49:03.2530",140,"Cesar Chavez St at Dolores St",37.7478584,-122.4249863,130,"22nd St Caltrain Station",37.75736899005735,-122.3920565843582,464,"Subscriber",1984,"Male"
396,"2018-03-01 07:42:15.7070","2018-03-01 07:48:52.3620",16,"Steuart St at Market St",37.79413,-122.39443,25,"Howard St at 2nd St",37.787521780456245,-122.39740490913391,3005,"Customer",1968,"Male"
428,"2018-03-01 07:41:13.5350","2018-03-01 07:48:21.6570",15,"San Francisco Ferry Building (Harry Bridges Plaza)",37.795392,-122.394203,6,"The Embarcadero at Sansome St",37.80477,-122.403234,523,"Subscriber",1963,"Female"
397,"2018-03-01 07:40:05.6830","2018-03-01 07:46:43.1240",15,"San Francisco Ferry Building (Harry Bridges Plaza)",37.795392,-122.394203,28,"The Embarcadero at Bryant St",37.78716801474664,-122.38809792330358,2474,"Subscriber",1969,"Female"
519,"2018-03-01 07:37:48.2130","2018-03-01 07:46:27.9720",311,"Paseo De San Antonio at 2nd St",37.333798,-121.886943,312,"San Jose Diridon Station",37.329732,-121.901782,2825,"Subscriber",1974,"Male"
497,"2018-03-01 07:37:44.7580","2018-03-01 07:46:02.0160",321,"5th at Folsom",37.78014570345598,-122.40307085237873,19,"Post St at Kearny St",37.788975,-122.403452,2454,"Subscriber",1984,"Female"
703,"2018-03-01 07:34:17.5550","2018-03-01 07:46:00.9310",197,"El Embarcadero at Grand Ave",37.8088479,-122.2496799,163,"Lake Merritt BART Station",37.7973195,-122.2653199,1257,"Subscriber",1988,"Male"
443,"2018-03-01 07:37:46.6360","2018-03-01 07:45:10.2620",43,"San Francisco Public Library (Grove St at Hyde St)",37.7787677,-122.4159292,17,"Embarcadero BART Station (Beale St at Market St)",37.792251,-122.397086,1248,"Subscriber",1991,"Male"
660,"2018-03-01 07:33:31.2770","2018-03-01 07:44:32.1530",22,"Howard St at Beale St",37.789756,-122.394643,30,"San Francisco Caltrain (Townsend St at 4th St)",37.776598,-122.395282,321,"Subscriber",1991,"Female"
191,"2018-03-01 07:40:45.2570","2018-03-01 07:43:56.4850",36,"Folsom St at 3rd St",37.78383,-122.39887,45,"5th St at Howard St",37.781752,-122.405127,1885,"Subscriber",1988,"Male"
779,"2018-03-01 07:30:47.8290","2018-03-01 07:43:47.5720",53,"Grove St at Divisadero",37.775946,-122.4377775,21,"Montgomery St BART Station (Market St at 2nd St)",37.7896254,-122.400811,3494,"Subscriber",1988,"Male"
237,"2018-03-01 07:39:00.8050","2018-03-01 07:42:58.7760",21,"Montgomery St BART Station (Market St at 2nd St)",37.7896254,-122.400811,37,"2nd St at Folsom St",37.78499972833808,-122.39593561749642,3046,"Subscriber",1994,"Male"
164,"2018-03-01 07:40:03.5590","2018-03-01 07:42:48.4090",17,"Embarcadero BART Station (Beale St at Market St)",37.792251,-122.397086,27,"Beale St at Harrison St",37.7880593,-122.3918648,2249,"Subscriber",1969,"Male"
794,"2018-03-01 07:29:12.7030","2018-03-01 07:42:27.2750",295,"William St at 10th St",37.3327938,-121.8759263,312,"San Jose Diridon Station",37.329732,-121.901782,1466,"Subscriber",1993,"Male"
435,"2018-03-01 07:35:06.0180","2018-03-01 07:42:21.0710",310,"San Fernando St at 4th St",37.335885,-121.88566,312,"San Jose Diridon Station",37.329732,-121.901782,1916,"Subscriber",1992,"Male"
203,"2018-03-01 07:38:03.4380","2018-03-01 07:41:27.4170",49,"S Park St at 3rd St",37.7807601,-122.3949894,67,"San Francisco Caltrain Station 2  (Townsend St at 4th St)",37.7766392,-122.3955263,2800,"Subscriber",1966,"Male"
382,"2018-03-01 07:34:33.2110","2018-03-01 07:40:56.0070",15,"San Francisco Ferry Building (Harry Bridges Plaza)",37.795392,-122.394203,6,"The Embarcadero at Sansome St",37.80477,-122.403234,713,"Subscriber",1986,"Female"
936,"2018-03-01 07:24:57.2970","2018-03-01 07:40:33.4980",70,"Central Ave at Fell St",37.77331087889723,-122.44429260492325,88,"11th St at Bryant St",37.7700298,-122.4117258,3416,"Subscriber",1996,"Female"
722,"2018-03-01 07:27:32.7870","2018-03-01 07:39:35.4750",5,"Powell St BART Station (Market St at 5th St)",37.783899357084934,-122.40844488143921,9,"Broadway at Battery St",37.79857210846256,-122.40086898207666,131,"Customer","",""
264,"2018-03-01 07:34:25.7800","2018-03-01 07:38:50.4720",186,"Lakeside Dr at 14th St",37.8013189,-122.2626418,163,"Lake Merritt BART Station",37.7973195,-122.2653199,1157,"Subscriber",1987,"Male"
134,"2018-03-01 07:36:30.3870","2018-03-01 07:38:45.2840",17,"Embarcadero BART Station (Beale St at Market St)",37.792251,-122.397086,27,"Beale St at Harrison St",37.7880593,-122.3918648,1993,"Subscriber",1970,"Male"
895,"2018-03-01 07:23:17.7320","2018-03-01 07:38:12.8700",126,"Esprit Park",37.7616343,-122.3906477,144,"Precita Park",37.7472996,-122.4114029,3216,"Subscriber",1980,"Male"
680,"2018-03-01 07:23:58.0890","2018-03-01 07:35:18.5350",115,"Jackson Playground",37.7650259,-122.3987734,49,"S Park St at 3rd St",37.7807601,-122.3949894,2800,"Subscriber",1991,"Female"
490,"2018-03-01 07:27:05.0340","2018-03-01 07:35:15.4860",195,"Bay Pl at Vernon St",37.81231409135146,-122.26077854633331,182,"19th Street BART Station",37.8090126,-122.2682473,821,"Subscriber",1984,"Male"
652,"2018-03-01 07:24:16.5410","2018-03-01 07:35:09.5180",30,"San Francisco Caltrain (Townsend St at 4th St)",37.776598,-122.395282,11,"Davis St at Jackson St",37.79728,-122.398436,2389,"Subscriber",1985,"Male"
421,"2018-03-01 07:27:48.6230","2018-03-01 07:34:50.4900",189,"Genoa St at 55th St",37.8396488,-122.2717561,176,"MacArthur BART Station",37.82840997305853,-122.26631462574005,3351,"Subscriber",1992,"Female"
325,"2018-03-01 07:28:57.2510","2018-03-01 07:34:22.9340",23,"The Embarcadero at Steuart St",37.791464,-122.391034,11,"Davis St at Jackson St",37.79728,-122.398436,3192,"Subscriber",1974,"Male"
180,"2018-03-01 07:31:18.6950","2018-03-01 07:34:19.5350",90,"Townsend St at 7th St",37.771058,-122.402717,30,"San Francisco Caltrain (Townsend St at 4th St)",37.776598,-122.395282,3670,"Subscriber",1979,"Male"
308,"2018-03-01 07:29:05.6800","2018-03-01 07:34:14.0890",295,"William St at 10th St",37.3327938,-121.8759263,310,"San Fernando St at 4th St",37.335885,-121.88566,264,"Subscriber",1993,"Male"
1135,"2018-03-01 07:14:46.9940","2018-03-01 07:33:42.7060",146,"30th St at San Jose Ave",37.7423139,-122.4231805,3,"Powell St BART Station (Market St at 4th St)",37.78637526861584,-122.40490436553954,3741,"Subscriber",1962,"Male"
333,"2018-03-01 07:28:03.3240","2018-03-01 07:33:36.3250",116,"Mississippi St at 17th St",37.7648022,-122.3947713,81,"Berry St at 4th St",37.77588,-122.39317,3061,"Subscriber",1977,"Male"
581,"2018-03-01 07:23:30.9290","2018-03-01 07:33:12.1150",30,"San Francisco Caltrain (Townsend St at 4th St)",37.776598,-122.395282,21,"Montgomery St BART Station (Market St at 2nd St)",37.7896254,-122.400811,906,"Subscriber",1970,"Male"
151,"2018-03-01 07:30:08.5610","2018-03-01 07:32:40.1070",210,"45th St at Manila",37.8332935222321,-122.25622415542603,175,"49th St at Telegraph Ave",37.8359455,-122.2623663,221,"Subscriber",1968,"Male"
318,"2018-03-01 07:27:06.0200","2018-03-01 07:32:24.1280",196,"Grand Ave at Perkins St",37.80889393398715,-122.25646018981932,337,"Webster St at 19th St",37.80696976095594,-122.26658821105957,1351,"Customer",1985,"Male"
492,"2018-03-01 07:23:31.0940","2018-03-01 07:31:43.5290",23,"The Embarcadero at Steuart St",37.791464,-122.391034,8,"The Embarcadero at Vallejo St",37.799953,-122.398525,1492,"Subscriber",1974,"Female"
532,"2018-03-01 07:22:48.7160","2018-03-01 07:31:41.2550",62,"Victoria Manalo Draves Park",37.77779057034257,-122.40643188357353,89,"Division St at Potrero Ave",37.76921786152374,-122.40764558315276,2582,"Subscriber",1985,"Male"
480,"2018-03-01 07:23:25.4290","2018-03-01 07:31:25.6480",96,"Dolores St at 15th St",37.7662102,-122.4266136,58,"Market St at 10th St",37.776619,-122.417385,3036,"Subscriber",1987,"Male"
655,"2018-03-01 07:20:19.3160","2018-03-01 07:31:15.3020",81,"Berry St at 4th St",37.77588,-122.39317,8,"The Embarcadero at Vallejo St",37.799953,-122.398525,2543,"Subscriber",1982,"Female"
519,"2018-03-01 07:22:32.4200","2018-03-01 07:31:12.2970",30,"San Francisco Caltrain (Townsend St at 4th St)",37.776598,-122.395282,3,"Powell St BART Station (Market St at 4th St)",37.78637526861584,-122.40490436553954,3576,"Subscriber",1991,"Female"
488,"2018-03-01 07:22:47.6550","2018-03-01 07:30:56.5400",67,"San Francisco Caltrain Station 2  (Townsend St at 4th St)",37.7766392,-122.3955263,27,"Beale St at Harrison St",37.7880593,-122.3918648,3398,"Subscriber","",""
430,"2018-03-01 07:22:31.2870","2018-03-01 07:29:42.0610",296,"5th St at Virginia St",37.3259984,-121.87712,280,"San Fernando at 7th St",37.337246,-121.8830739,179,"Subscriber",1998,"Male"
610,"2018-03-01 07:19:23.6080","2018-03-01 07:29:33.7660",81,"Berry St at 4th St",37.77588,-122.39317,9,"Broadway at Battery St",37.79857210846256,-122.40086898207666,3117,"Subscriber",1981,"Male"
595,"2018-03-01 07:19:08.6050","2018-03-01 07:29:03.7280",108,"16th St Mission BART",37.76471008581914,-122.41995692253113,114,"Rhode Island St at 17th St",37.7644783,-122.4025701,2321,"Subscriber",1979,"Male"
118,"2018-03-01 07:26:41.8090","2018-03-01 07:28:40.0550",28,"The Embarcadero at Bryant St",37.78716801474664,-122.38809792330358,23,"The Embarcadero at Steuart St",37.791464,-122.391034,3378,"Subscriber",1968,"Male"
309,"2018-03-01 07:22:36.6150","2018-03-01 07:27:46.1150",5,"Powell St BART Station (Market St at 5th St)",37.783899357084934,-122.40844488143921,20,"Mechanics Monument Plaza (Market St at Bush St)",37.7913,-122.399051,854,"Subscriber",1985,"Male"
507,"2018-03-01 07:18:40.2030","2018-03-01 07:27:07.2570",126,"Esprit Park",37.7616343,-122.3906477,49,"S Park St at 3rd St",37.7807601,-122.3949894,136,"Subscriber",1988,"Female"
647,"2018-03-01 07:16:14.3480","2018-03-01 07:27:01.6660",123,"Folsom St at 19th St",37.7605936,-122.4148171,67,"San Francisco Caltrain Station 2  (Townsend St at 4th St)",37.7766392,-122.3955263,158,"Subscriber",1994,"Female"
898,"2018-03-01 07:11:43.2950","2018-03-01 07:26:41.4700",55,"Webster St at Grove St",37.7770527,-122.4295585,30,"San Francisco Caltrain (Townsend St at 4th St)",37.776598,-122.395282,1617,"Subscriber",1977,"Male"
917,"2018-03-01 07:11:08.4070","2018-03-01 07:26:25.6580",30,"San Francisco Caltrain (Townsend St at 4th St)",37.776598,-122.395282,11,"Davis St at Jackson St",37.79728,-122.398436,2764,"Subscriber",1956,"Male"
736,"2018-03-01 07:14:04.0020","2018-03-01 07:26:20.0670",90,"Townsend St at 7th St",37.771058,-122.402717,15,"San Francisco Ferry Building (Harry Bridges Plaza)",37.795392,-122.394203,523,"Subscriber",1988,"Female"
618,"2018-03-01 07:15:20.3870","2018-03-01 07:25:38.7210",95,"Sanchez St at 15th St",37.7662185,-122.4310597,88,"11th St at Bryant St",37.7700298,-122.4117258,2202,"Subscriber",1983,"Male"
663,"2018-03-01 07:14:11.0980","2018-03-01 07:25:14.2900",15,"San Francisco Ferry Building (Harry Bridges Plaza)",37.795392,-122.394203,81,"Berry St at 4th St",37.77588,-122.39317,2589,"Subscriber",1965,"Male"
387,"2018-03-01 07:17:28.6970","2018-03-01 07:23:56.0670",196,"Grand Ave at Perkins St",37.80889393398715,-122.25646018981932,182,"19th Street BART Station",37.8090126,-122.2682473,1287,"Subscriber",1983,"Male"
590,"2018-03-01 07:13:43.0170","2018-03-01 07:23:33.8810",44,"Civic Center/UN Plaza BART Station (Market St at McAllister St)",37.7810737,-122.4117382,90,"Townsend St at 7th St",37.771058,-122.402717,3670,"Subscriber",1982,"Male"
513,"2018-03-01 07:14:17.3240","2018-03-01 07:22:50.9780",115,"Jackson Playground",37.7650259,-122.3987734,81,"Berry St at 4th St",37.77588,-122.39317,1511,"Subscriber",1980,"Male"
224,"2018-03-01 07:18:41.4480","2018-03-01 07:22:26.2600",205,"Shafter Ave at Cavour St",37.8379469,-122.2572427,171,"Rockridge BART Station",37.84427875399067,-122.251900434494,349,"Subscriber",1983,"Male"
1008,"2018-03-01 07:05:34.3950","2018-03-01 07:22:23.1620",17,"Embarcadero BART Station (Beale St at Market St)",37.792251,-122.397086,93,"4th St at Mission Bay Blvd S",37.7704074,-122.3911984,2064,"Subscriber",1985,"Male"
399,"2018-03-01 07:15:09.5120","2018-03-01 07:21:49.2350",6,"The Embarcadero at Sansome St",37.80477,-122.403234,17,"Embarcadero BART Station (Beale St at Market St)",37.792251,-122.397086,3210,"Subscriber",1965,"Male"
657,"2018-03-01 07:08:34.0920","2018-03-01 07:19:31.1020",30,"San Francisco Caltrain (Townsend St at 4th St)",37.776598,-122.395282,14,"Clay St at Battery St",37.795001,-122.39997,2752,"Subscriber",1959,"Male"
550,"2018-03-01 07:08:15.6290","2018-03-01 07:17:26.2310",30,"San Francisco Caltrain (Townsend St at 4th St)",37.776598,-122.395282,13,"Commercial St at Montgomery St",37.794231,-122.402923,772,"Subscriber",1992,"Male"
307,"2018-03-01 07:11:52.4830","2018-03-01 07:16:59.5420",15,"San Francisco Ferry Building (Harry Bridges Plaza)",37.795392,-122.394203,22,"Howard St at Beale St",37.789756,-122.394643,70,"Subscriber",1979,"Female"
236,"2018-03-01 07:11:37.9230","2018-03-01 07:15:34.8450",200,"2nd Ave at E 18th St",37.800213566969795,-122.25381016731262,197,"El Embarcadero at Grand Ave",37.8088479,-122.2496799,3264,"Subscriber",1986,"Male"
1305,"2018-03-01 06:53:33.9030","2018-03-01 07:15:19.3060",70,"Central Ave at Fell St",37.77331087889723,-122.44429260492325,24,"Spear St at Folsom St",37.7896767,-122.3904285,2244,"Subscriber",1983,"Male"
407,"2018-03-01 07:08:27.6230","2018-03-01 07:15:14.6750",263,"Channing Way at San Pablo Ave",37.8628271,-122.2902305,250,"North Berkeley BART Station",37.8740141,-122.283019,1970,"Subscriber",1977,"Male"
232,"2018-03-01 07:11:08.3420","2018-03-01 07:15:00.7030",191,"Market St at 40th St",37.8305452,-122.2739367,176,"MacArthur BART Station",37.82840997305853,-122.26631462574005,3539,"Subscriber",1984,"Male"
371,"2018-03-01 07:02:57.9070","2018-03-01 07:09:09.0970",5,"Powell St BART Station (Market St at 5th St)",37.783899357084934,-122.40844488143921,64,"5th St at Brannan St",37.7767539,-122.3990176,3082,"Subscriber",1982,"Male"
378,"2018-03-01 07:02:43.5680","2018-03-01 07:09:02.5310",24,"Spear St at Folsom St",37.7896767,-122.3904285,49,"S Park St at 3rd St",37.7807601,-122.3949894,3389,"Subscriber",1992,"Male"
214,"2018-03-01 07:04:50.1070","2018-03-01 07:08:24.9400",27,"Beale St at Harrison St",37.7880593,-122.3918648,17,"Embarcadero BART Station (Beale St at Market St)",37.792251,-122.397086,2249,"Subscriber",1987,"Male"
375,"2018-03-01 07:01:35.2020","2018-03-01 07:07:50.6870",173,"Shattuck Ave at 55th Ave",37.8403643,-122.2644881,176,"MacArthur BART Station",37.82840997305853,-122.26631462574005,2164,"Subscriber",1982,"Male"
785,"2018-03-01 06:53:49.0180","2018-03-01 07:06:54.4180",81,"Berry St at 4th St",37.77588,-122.39317,15,"San Francisco Ferry Building (Harry Bridges Plaza)",37.795392,-122.394203,2977,"Subscriber",1958,"Female"
354,"2018-03-01 07:00:48.0850","2018-03-01 07:06:42.9690",115,"Jackson Playground",37.7650259,-122.3987734,130,"22nd St Caltrain Station",37.75736899005735,-122.3920565843582,2379,"Subscriber",1989,"Male"
473,"2018-03-01 06:55:52.7260","2018-03-01 07:03:46.6880",60,"8th St at Ringold St",37.77452040113685,-122.4094493687153,66,"3rd St at Townsend St",37.77874161153677,-122.39274082710836,245,"Subscriber",1989,"Female"
786,"2018-03-01 06:50:37.7020","2018-03-01 07:03:44.1870",56,"Koshland Park",37.77341396997343,-122.42731690406801,19,"Post St at Kearny St",37.788975,-122.403452,2119,"Subscriber",1990,"Male"
504,"2018-03-01 06:54:58.7400","2018-03-01 07:03:23.3420",189,"Genoa St at 55th St",37.8396488,-122.2717561,176,"MacArthur BART Station",37.82840997305853,-122.26631462574005,2275,"Subscriber",1991,"Female"
305,"2018-03-01 06:57:08.4340","2018-03-01 07:02:13.8410",89,"Division St at Potrero Ave",37.76921786152374,-122.40764558315276,30,"San Francisco Caltrain (Townsend St at 4th St)",37.776598,-122.395282,772,"Subscriber",1993,"Male"
404,"2018-03-01 06:55:02.9690","2018-03-01 07:01:47.8560",60,"8th St at Ringold St",37.77452040113685,-122.4094493687153,3,"Powell St BART Station (Market St at 4th St)",37.78637526861584,-122.40490436553954,3553,"Subscriber",1995,"Male"
242,"2018-03-01 06:56:59.3430","2018-03-01 07:01:01.6630",74,"Laguna St at Hayes St",37.776434819204745,-122.42624402046204,43,"San Francisco Public Library (Grove St at Hyde St)",37.7787677,-122.4159292,2928,"Subscriber",1979,"Male"
569,"2018-03-01 06:49:59.5670","2018-03-01 06:59:28.6290",194,"Lakeshore Ave at Trestle Glen Rd",37.8110807,-122.2432677,182,"19th Street BART Station",37.8090126,-122.2682473,1108,"Subscriber",1980,"Male"
322,"2018-03-01 06:52:48.3170","2018-03-01 06:58:11.0830",235,"Union St at 10th St",37.8072393,-122.2893702,160,"West Oakland BART Station",37.8053183,-122.2948365,3694,"Subscriber",1975,"Male"
781,"2018-03-01 06:44:09.0680","2018-03-01 06:57:11.0080",30,"San Francisco Caltrain (Townsend St at 4th St)",37.776598,-122.395282,8,"The Embarcadero at Vallejo St",37.799953,-122.398525,3178,"Subscriber",1972,"Female"
608,"2018-03-01 06:45:59.5010","2018-03-01 06:56:08.3560",30,"San Francisco Caltrain (Townsend St at 4th St)",37.776598,-122.395282,16,"Steuart St at Market St",37.79413,-122.39443,730,"Subscriber",1986,"Male"
240,"2018-03-01 06:50:22.7940","2018-03-01 06:54:23.0100",162,"Franklin St at 9th St",37.8005161,-122.2720799,163,"Lake Merritt BART Station",37.7973195,-122.2653199,1268,"Subscriber",1974,"Male"
523,"2018-03-01 06:44:21.4250","2018-03-01 06:53:05.3040",122,"19th St at Mission St",37.760299,-122.418892,77,"11th St at Natoma St",37.7735069,-122.4160402,2359,"Subscriber",1961,"Male"
203,"2018-03-01 06:48:36.6500","2018-03-01 06:52:00.2780",90,"Townsend St at 7th St",37.771058,-122.402717,67,"San Francisco Caltrain Station 2  (Townsend St at 4th St)",37.7766392,-122.3955263,2354,"Subscriber",1984,"Male"
531,"2018-03-01 06:42:52.2720","2018-03-01 06:51:43.6540",86,"Market St at Dolores St",37.7693053,-122.4268256,89,"Division St at Potrero Ave",37.76921786152374,-122.40764558315276,3442,"Customer",1982,"Male"
858,"2018-03-01 06:37:16.0270","2018-03-01 06:51:34.4270",22,"Howard St at Beale St",37.789756,-122.394643,90,"Townsend St at 7th St",37.771058,-122.402717,523,"Subscriber",1965,"Male"
276,"2018-03-01 06:44:40.7550","2018-03-01 06:49:17.1130",30,"San Francisco Caltrain (Townsend St at 4th St)",37.776598,-122.395282,90,"Townsend St at 7th St",37.771058,-122.402717,2585,"Subscriber",1990,"Male"
462,"2018-03-01 06:40:45.3800","2018-03-01 06:48:27.6190",296,"5th St at Virginia St",37.3259984,-121.87712,302,"Tamien Station",37.312854042932614,-121.88294112682343,253,"Subscriber",1983,"Male"
830,"2018-03-01 06:30:40.3050","2018-03-01 06:44:31.1280",90,"Townsend St at 7th St",37.771058,-122.402717,21,"Montgomery St BART Station (Market St at 2nd St)",37.7896254,-122.400811,2256,"Subscriber",1986,"Male"
225,"2018-03-01 06:29:53.0960","2018-03-01 06:33:38.4080",191,"Market St at 40th St",37.8305452,-122.2739367,176,"MacArthur BART Station",37.82840997305853,-122.26631462574005,2403,"Subscriber",1989,"Male"
259,"2018-03-01 06:17:52.1110","2018-03-01 06:22:11.7450",17,"Embarcadero BART Station (Beale St at Market St)",37.792251,-122.397086,9,"Broadway at Battery St",37.79857210846256,-122.40086898207666,2331,"Subscriber",1962,"Male"
1010,"2018-03-01 06:03:04.9540","2018-03-01 06:19:55.2660",67,"San Francisco Caltrain Station 2  (Townsend St at 4th St)",37.7766392,-122.3955263,324,"Union Square (Powell St at Post St)",37.788299978150825,-122.40853071212767,1591,"Subscriber",1990,"Male"
670,"2018-03-01 06:04:40.1120","2018-03-01 06:15:51.1070",6,"The Embarcadero at Sansome St",37.80477,-122.403234,66,"3rd St at Townsend St",37.77874161153677,-122.39274082710836,2929,"Subscriber",1967,"Male"
603,"2018-03-01 06:04:38.4080","2018-03-01 06:14:41.4730",4,"Cyril Magnin St at Ellis St",37.78588062694133,-122.4089150084319,30,"San Francisco Caltrain (Townsend St at 4th St)",37.776598,-122.395282,3690,"Customer","",""
208,"2018-03-01 06:07:45.2780","2018-03-01 06:11:13.5920",62,"Victoria Manalo Draves Park",37.77779057034257,-122.40643188357353,64,"5th St at Brannan St",37.7767539,-122.3990176,298,"Subscriber",1991,"Male"
265,"2018-03-01 06:05:41.3190","2018-03-01 06:10:07.1050",62,"Victoria Manalo Draves Park",37.77779057034257,-122.40643188357353,64,"5th St at Brannan St",37.7767539,-122.3990176,970,"Subscriber","",""
181,"2018-03-01 05:59:42.9850","2018-03-01 06:02:44.9580",321,"5th at Folsom",37.78014570345598,-122.40307085237873,63,"Bryant St at 6th St",37.775910222333366,-122.40257500673577,3068,"Subscriber",1986,"Male"
837,"2018-03-01 05:41:18.6710","2018-03-01 05:55:15.7650",17,"Embarcadero BART Station (Beale St at Market St)",37.792251,-122.397086,93,"4th St at Mission Bay Blvd S",37.7704074,-122.3911984,3374,"Subscriber",1992,"Male"
5960,"2018-03-01 04:07:28.6550","2018-03-01 05:46:49.5900",58,"Market St at 10th St",37.776619,-122.417385,223,"16th St Mission BART Station 2",37.7647652154977,-122.42009103298186,380,"Customer","",""
141,"2018-03-01 05:31:21.1840","2018-03-01 05:33:43.1360",235,"Union St at 10th St",37.8072393,-122.2893702,160,"West Oakland BART Station",37.8053183,-122.2948365,1277,"Subscriber",1969,"Male"
221,"2018-03-01 05:29:05.7680","2018-03-01 05:32:46.8460",179,"Telegraph Ave at 27th St",37.816073115011406,-122.26788640022278,182,"19th Street BART Station",37.8090126,-122.2682473,1262,"Subscriber",1980,"Male"
190,"2018-03-01 05:16:10.1190","2018-03-01 05:19:20.7860",64,"5th St at Brannan St",37.7767539,-122.3990176,30,"San Francisco Caltrain (Townsend St at 4th St)",37.776598,-122.395282,2752,"Subscriber",1950,"Male"
547,"2018-03-01 05:01:34.8100","2018-03-01 05:10:42.7040",44,"Civic Center/UN Plaza BART Station (Market St at McAllister St)",37.7810737,-122.4117382,90,"Townsend St at 7th St",37.771058,-122.402717,2114,"Subscriber",1946,"Male"
196,"2018-03-01 05:07:10.2230","2018-03-01 05:10:26.5660",37,"2nd St at Folsom St",37.78499972833808,-122.39593561749642,21,"Montgomery St BART Station (Market St at 2nd St)",37.7896254,-122.400811,641,"Subscriber",1975,"Male"
322,"2018-03-01 04:50:01.8790","2018-03-01 04:55:24.0580",133,"Valencia St at 22nd St",37.7552126,-122.4209752,129,"Harrison St at 20th St",37.758862,-122.412544,2917,"Subscriber",1958,"Male"
290,"2018-03-01 03:50:23.1900","2018-03-01 03:55:13.8590",267,"Derby St at College Ave",37.8618037,-122.2535687,248,"Telegraph Ave at Ashby Ave",37.8559558,-122.2597949,2344,"Subscriber",1982,"Male"
551,"2018-03-01 02:14:01.7250","2018-03-01 02:23:13.5430",310,"San Fernando St at 4th St",37.335885,-121.88566,295,"William St at 10th St",37.3327938,-121.8759263,590,"Subscriber",1993,"Male"
534,"2018-03-01 02:14:15.6880","2018-03-01 02:23:09.8310",310,"San Fernando St at 4th St",37.335885,-121.88566,295,"William St at 10th St",37.3327938,-121.8759263,2251,"Subscriber",1989,"Male"
286,"2018-03-01 01:37:01.7650","2018-03-01 01:41:48.1540",327,"5th St at San Salvador St",37.33203868095132,-121.8817663192749,295,"William St at 10th St",37.3327938,-121.8759263,2239,"Subscriber",1996,"Male"
264,"2018-03-01 01:37:03.7560","2018-03-01 01:41:28.7550",327,"5th St at San Salvador St",37.33203868095132,-121.8817663192749,295,"William St at 10th St",37.3327938,-121.8759263,608,"Subscriber",1995,"Male"
249,"2018-03-01 01:18:21.2700","2018-03-01 01:22:30.2770",90,"Townsend St at 7th St",37.771058,-122.402717,80,"Townsend St at 5th St",37.7753058,-122.39738,1940,"Subscriber",1964,"Male"
665,"2018-03-01 01:01:47.4800","2018-03-01 01:12:53.2380",34,"Father Alfred E Boeddeker Park",37.7839879,-122.412408,86,"Market St at Dolores St",37.7693053,-122.4268256,3679,"Subscriber",1987,"Male"
669,"2018-03-01 01:00:44.8020","2018-03-01 01:11:54.6470",341,"Fountain Alley at S 2nd St",37.33618830029063,-121.88927650451659,276,"Julian St at The Alameda",37.3322326,-121.9125165,861,"Subscriber","",""
630,"2018-03-01 00:50:13.2490","2018-03-01 01:00:44.2140",77,"11th St at Natoma St",37.7735069,-122.4160402,127,"Valencia St at 21st St",37.7567083,-122.421025,2163,"Subscriber",1982,"Male"
594,"2018-03-01 00:39:50.8780","2018-03-01 00:49:45.2250",66,"3rd St at Townsend St",37.77874161153677,-122.39274082710836,4,"Cyril Magnin St at Ellis St",37.78588062694133,-122.4089150084319,2143,"Subscriber",1989,"Male"
471,"2018-03-01 00:28:29.1730","2018-03-01 00:36:20.9280",180,"Telegraph Ave at 23rd St",37.8126783,-122.2687726,202,"Washington St at 8th St",37.8007544,-122.2748943,269,"Subscriber",1970,"Male"
285,"2018-03-01 00:17:32.9500","2018-03-01 00:22:18.1560",183,"Telegraph Ave at 19th St",37.8087021,-122.2699271,195,"Bay Pl at Vernon St",37.81231409135146,-122.26077854633331,302,"Subscriber",1971,"Male"
408,"2018-03-01 00:13:37.1640","2018-03-01 00:20:25.6830",27,"Beale St at Harrison St",37.7880593,-122.3918648,11,"Davis St at Jackson St",37.79728,-122.398436,1060,"Customer",1998,"Male"
368,"2018-03-01 00:14:14.4590","2018-03-01 00:20:22.5140",27,"Beale St at Harrison St",37.7880593,-122.3918648,11,"Davis St at Jackson St",37.79728,-122.398436,3040,"Customer",1996,"Male"
164,"2018-03-01 00:13:31.0810","2018-03-01 00:16:15.5200",240,"Haste St at Telegraph Ave",37.8660431,-122.2588044,266,"Parker St at Fulton St",37.8624644,-122.2647911,3693,"Subscriber",1996,"Male"
